person_id,canonical_name,slug,house_id,birth_age,birth_year,death_age,death_year,sex,is_ruler,review_status,reported_lifespan,life_note,last_known_age,last_known_year,life_source_id,reign_id,office_id,start_age,start_year,end_age,end_year,status,note,succession_type,source_id,ruler_name,realm_name,color,office_name,start_sort,end_sort,reign_years,lifespan,accession_age,eligible,event_count,event_density,aliases
numenor-elros-tar-minyatur,Elros Tar-Minyatur,numenor-elros-tar-minyatur,Elros,First Age,532,SA,442,M,True,reviewed,500,Reported lifespan 500; First Age birth is retained without an invented cross-Age ordinal.,,,elros-life,numenor-numenor-elros-tar-minyatur-32,numenor,SA,32,SA,442,recorded,,foundation / new office,numenor,Elros Tar-Minyatur,Númenor,#a27c38,Monarch,32,442,410,500,,True,0,0.0,
numenor-vardamir-nolimon,Vardamir Nólimon,numenor-vardamir-nolimon,Elros,SA,61,SA,471,M,True,reviewed,,,,,family-numenor,numenor-numenor-vardamir-nolimon-442,numenor,SA,442,SA,443,titular,Nominal one-year convention. Vardamir immediately yielded power; effective rule by Tar-Amandil began in SA 442.,parent-child,numenor,Vardamir Nólimon,Númenor,#a27c38,Monarch,442,443,1,410,381,False,0,0.0,
numenor-tar-amandil,Tar-Amandil,numenor-tar-amandil,Elros,SA,192,SA,603,M,True,reviewed,,,,,family-numenor,numenor-numenor-tar-amandil-443,numenor,SA,443,SA,590,recorded,Formal regnal convention starts in SA 443; effective rule began in SA 442.,parent-child,numenor,Tar-Amandil,Númenor,#a27c38,Monarch,443,590,147,411,251,True,0,0.0,
numenor-tar-elendil,Tar-Elendil,numenor-tar-elendil,Elros,SA,350,SA,751,M,True,reviewed,,,,,family-numenor,numenor-numenor-tar-elendil-590,numenor,SA,590,SA,740,recorded,,parent-child,numenor,Tar-Elendil,Númenor,#a27c38,Monarch,590,740,150,401,240,True,0,0.0,
numenor-tar-meneldur,Tar-Meneldur,numenor-tar-meneldur,Elros,SA,543,SA,942,M,True,reviewed,,,,,family-numenor,numenor-numenor-tar-meneldur-740,numenor,SA,740,SA,883,recorded,,parent-child,numenor,Tar-Meneldur,Númenor,#a27c38,Monarch,740,883,143,399,197,True,0,0.0,
numenor-tar-aldarion,Tar-Aldarion,numenor-tar-aldarion,Elros,SA,700,SA,1098,M,True,reviewed,,,,,family-numenor,numenor-numenor-tar-aldarion-883,numenor,SA,883,SA,1075,recorded,,parent-child,numenor,Tar-Aldarion,Númenor,#a27c38,Monarch,883,1075,192,398,183,True,0,0.0,
numenor-tar-ancalime,Tar-Ancalimë,numenor-tar-ancalime,Elros,SA,873,SA,1285,F,True,reviewed,,,,,family-numenor,numenor-numenor-tar-ancalime-1075,numenor,SA,1075,SA,1280,recorded,,parent-child,numenor,Tar-Ancalimë,Númenor,#a27c38,Monarch,1075,1280,205,412,202,True,0,0.0,
numenor-tar-anarion,Tar-Anárion,numenor-tar-anarion,Elros,SA,1003,SA,1404,M,True,reviewed,,,,,family-numenor,numenor-numenor-tar-anarion-1280,numenor,SA,1280,SA,1394,recorded,,parent-child,numenor,Tar-Anárion,Númenor,#a27c38,Monarch,1280,1394,114,401,277,True,0,0.0,
numenor-tar-surion,Tar-Súrion,numenor-tar-surion,Elros,SA,1174,SA,1574,M,True,reviewed,,,,,family-numenor,numenor-numenor-tar-surion-1394,numenor,SA,1394,SA,1556,recorded,,parent-child,numenor,Tar-Súrion,Númenor,#a27c38,Monarch,1394,1556,162,400,220,True,0,0.0,
numenor-tar-telperien,Tar-Telperiën,numenor-tar-telperien,Elros,SA,1320,SA,1731,F,True,reviewed,,,,,family-numenor,numenor-numenor-tar-telperien-1556,numenor,SA,1556,SA,1731,recorded,,parent-child,numenor,Tar-Telperiën,Númenor,#a27c38,Monarch,1556,1731,175,411,236,True,0,0.0,
numenor-tar-minastir,Tar-Minastir,numenor-tar-minastir,Elros,SA,1474,SA,1873,M,True,reviewed,,,,,family-numenor,numenor-numenor-tar-minastir-1731,numenor,SA,1731,SA,1869,recorded,Accession chronology and the fleet sent in SA 1700 are not fully aligned across accounts.,nephew / niece,numenor,Tar-Minastir,Númenor,#a27c38,Monarch,1731,1869,138,399,257,True,0,0.0,
numenor-tar-ciryatan,Tar-Ciryatan,numenor-tar-ciryatan,Elros,SA,1634,SA,2035,M,True,reviewed,,,,,family-numenor,numenor-numenor-tar-ciryatan-1869,numenor,SA,1869,SA,2029,recorded,,parent-child,numenor,Tar-Ciryatan,Númenor,#a27c38,Monarch,1869,2029,160,401,235,True,0,0.0,
numenor-tar-atanamir,Tar-Atanamir,numenor-tar-atanamir,Elros,SA,1800,SA,2221,M,True,reviewed,,,,,family-numenor,numenor-numenor-tar-atanamir-2029,numenor,SA,2029,SA,2221,recorded,,parent-child,numenor,Tar-Atanamir,Númenor,#a27c38,Monarch,2029,2221,192,421,229,True,0,0.0,
numenor-tar-ancalimon,Tar-Ancalimon,numenor-tar-ancalimon,Elros,SA,1986,SA,2386,M,True,reviewed,,,,,family-numenor,numenor-numenor-tar-ancalimon-2221,numenor,SA,2221,SA,2386,recorded,,parent-child,numenor,Tar-Ancalimon,Númenor,#a27c38,Monarch,2221,2386,165,400,235,True,0,0.0,
numenor-tar-telemmaite,Tar-Telemmaitë,numenor-tar-telemmaite,Elros,SA,2136,SA,2526,M,True,reviewed,,,,,family-numenor,numenor-numenor-tar-telemmaite-2386,numenor,SA,2386,SA,2526,recorded,,parent-child,numenor,Tar-Telemmaitë,Númenor,#a27c38,Monarch,2386,2526,140,390,250,True,0,0.0,
numenor-tar-vanimelde,Tar-Vanimeldë,numenor-tar-vanimelde,Elros,SA,2277,SA,2637,F,True,reviewed,,,,,family-numenor,numenor-numenor-tar-vanimelde-2526,numenor,SA,2526,SA,2637,recorded,,parent-child,numenor,Tar-Vanimeldë,Númenor,#a27c38,Monarch,2526,2637,111,360,249,True,0,0.0,
numenor-tar-anducal,Tar-Anducal,numenor-tar-anducal,Elros,SA,2286,SA,2657,M,True,reviewed,,,,,family-numenor,numenor-numenor-tar-anducal-2637,numenor,SA,2637,SA,2657,usurper,,usurpation,numenor,Tar-Anducal,Númenor,#a27c38,Monarch,2637,2657,20,371,351,False,0,0.0,Herucalmo
numenor-tar-alcarin,Tar-Alcarin,numenor-tar-alcarin,Elros,SA,2406,SA,2737,M,True,reviewed,,,,,family-numenor,numenor-numenor-tar-alcarin-2657,numenor,SA,2657,SA,2737,recorded,Effective reign from SA 2657; legal claim dates from SA 2637.,parent-child,numenor,Tar-Alcarin,Númenor,#a27c38,Monarch,2657,2737,80,331,251,True,0,0.0,
numenor-tar-calmacil,Tar-Calmacil,numenor-tar-calmacil,Elros,SA,2516,SA,2825,M,True,reviewed,,,,,family-numenor,numenor-numenor-tar-calmacil-2737,numenor,SA,2737,SA,2825,recorded,,parent-child,numenor,Tar-Calmacil,Númenor,#a27c38,Monarch,2737,2825,88,309,221,True,0,0.0,Ar-Belzagar
numenor-tar-ardamin,Tar-Ardamin,numenor-tar-ardamin,Elros,SA,2618,SA,2899,M,True,reviewed,,,,,family-numenor,numenor-numenor-tar-ardamin-2825,numenor,SA,2825,SA,2899,recorded,,parent-child,numenor,Tar-Ardamin,Númenor,#a27c38,Monarch,2825,2899,74,281,207,True,0,0.0,Ar-Abattârik
numenor-ar-adunakhor,Ar-Adûnakhôr,numenor-ar-adunakhor,Elros,SA,2709,SA,2962,M,True,reviewed,,,,,family-numenor,numenor-numenor-ar-adunakhor-2899,numenor,SA,2899,SA,2962,recorded,,parent-child,numenor,Ar-Adûnakhôr,Númenor,#a27c38,Monarch,2899,2962,63,253,190,True,0,0.0,
numenor-ar-zimrathon,Ar-Zimrathôn,numenor-ar-zimrathon,Elros,SA,2798,SA,3033,M,True,reviewed,,,,,family-numenor,numenor-numenor-ar-zimrathon-2962,numenor,SA,2962,SA,3033,recorded,,parent-child,numenor,Ar-Zimrathôn,Númenor,#a27c38,Monarch,2962,3033,71,235,164,True,0,0.0,
numenor-ar-sakalthor,Ar-Sakalthôr,numenor-ar-sakalthor,Elros,SA,2876,SA,3102,M,True,reviewed,,,,,family-numenor,numenor-numenor-ar-sakalthor-3033,numenor,SA,3033,SA,3102,recorded,,parent-child,numenor,Ar-Sakalthôr,Númenor,#a27c38,Monarch,3033,3102,69,226,157,True,0,0.0,
numenor-ar-gimilzor,Ar-Gimilzôr,numenor-ar-gimilzor,Elros,SA,2960,SA,3177,M,True,reviewed,,,,,family-numenor,numenor-numenor-ar-gimilzor-3102,numenor,SA,3102,SA,3177,recorded,,parent-child,numenor,Ar-Gimilzôr,Númenor,#a27c38,Monarch,3102,3177,75,217,142,True,0,0.0,
numenor-tar-palantir,Tar-Palantir,numenor-tar-palantir,Elros,SA,3035,SA,3255,M,True,reviewed,,,,,family-numenor,numenor-numenor-tar-palantir-3177,numenor,SA,3177,SA,3255,recorded,,parent-child,numenor,Tar-Palantir,Númenor,#a27c38,Monarch,3177,3255,78,220,142,True,0,0.0,Ar-Inziladûn
numenor-ar-pharazon,Ar-Pharazôn,numenor-ar-pharazon,Elros,SA,3118,,,M,True,reviewed,,Fate uncertain: said to lie in the Caves of the Forgotten. Downfall is not treated as an ordinary death.,SA,3319,pharazon-fate,numenor-numenor-ar-pharazon-3255,numenor,SA,3255,SA,3319,usurper,End of rule is the Downfall; fate is not treated as an ordinary death.,usurpation,numenor,Ar-Pharazôn,Númenor,#a27c38,Monarch,3255,3319,64,,137,False,1,0.015625,
arnor-elendil,Elendil,arnor-elendil,Elendil,SA,3119,SA,3441,M,True,reviewed,,,,,family-north,arnor-arnor-elendil-3320,arnor,SA,3320,SA,3441,recorded,,foundation / new office,arnor,Elendil,Arnor,#56817d,King,3320,3441,121,322,201,True,1,0.008264462809917356,
arnor-isildur,Isildur,arnor-isildur,Isildur,SA,3209,TA,2,M,True,reviewed,,,,,family-north,arnor-arnor-isildur-3441,arnor,SA,3441,TA,2,recorded,,parent-child,arnor,Isildur,Arnor,#56817d,King,3441,3443,2,234,232,True,0,0.0,
arnor-valandil,Valandil,arnor-valandil,Isildur,SA,3430,TA,249,M,True,reviewed,,,,,family-north,arnor-arnor-valandil-2,arnor,TA,2,TA,249,recorded,,parent-child,arnor,Valandil,Arnor,#56817d,King,3443,3690,247,260,13,True,0,0.0,
arnor-eldacar,Eldacar,arnor-eldacar,Isildur,TA,87,TA,339,M,True,reviewed,,,,,family-north,arnor-arnor-eldacar-249,arnor,TA,249,TA,339,recorded,,parent-child,arnor,Eldacar,Arnor,#56817d,King,3690,3780,90,252,162,True,0,0.0,
arnor-arantar,Arantar,arnor-arantar,Isildur,TA,185,TA,435,M,True,reviewed,,,,,family-north,arnor-arnor-arantar-339,arnor,TA,339,TA,435,recorded,,parent-child,arnor,Arantar,Arnor,#56817d,King,3780,3876,96,250,154,True,0,0.0,
arnor-tarcil,Tarcil,arnor-tarcil,Isildur,TA,280,TA,515,M,True,reviewed,,,,,family-north,arnor-arnor-tarcil-435,arnor,TA,435,TA,515,recorded,,parent-child,arnor,Tarcil,Arnor,#56817d,King,3876,3956,80,235,155,True,0,0.0,
arnor-tarondor,Tarondor,arnor-tarondor,Isildur,TA,372,TA,602,M,True,reviewed,,,,,family-north,arnor-arnor-tarondor-515,arnor,TA,515,TA,602,recorded,,parent-child,arnor,Tarondor,Arnor,#56817d,King,3956,4043,87,230,143,True,0,0.0,
arnor-valandur,Valandur,arnor-valandur,Isildur,TA,462,TA,652,M,True,reviewed,,,,,family-north,arnor-arnor-valandur-602,arnor,TA,602,TA,652,recorded,,parent-child,arnor,Valandur,Arnor,#56817d,King,4043,4093,50,190,140,True,0,0.0,
arnor-elendur,Elendur,arnor-elendur,Isildur,TA,552,TA,777,M,True,reviewed,,,,,family-north,arnor-arnor-elendur-652,arnor,TA,652,TA,777,recorded,,parent-child,arnor,Elendur,Arnor,#56817d,King,4093,4218,125,225,100,True,0,0.0,
arnor-earendur,Eärendur,arnor-earendur,Isildur,TA,640,TA,861,M,True,reviewed,,,,,family-north,arnor-arnor-earendur-777,arnor,TA,777,TA,861,recorded,,parent-child,arnor,Eärendur,Arnor,#56817d,King,4218,4302,84,221,137,True,1,0.011904761904761904,
arthedain-amlaith,Amlaith,arthedain-amlaith,Isildur,TA,726,TA,946,M,True,reviewed,,,,,family-north,arthedain-arthedain-amlaith-861,arthedain,TA,861,TA,946,recorded,,foundation / new office,arthedain,Amlaith,Arthedain,#87976d,King,4302,4387,85,220,135,True,0,0.0,
arthedain-beleg,Beleg,arthedain-beleg,Isildur,TA,812,TA,1029,M,True,reviewed,,,,,family-north,arthedain-arthedain-beleg-946,arthedain,TA,946,TA,1029,recorded,,parent-child,arthedain,Beleg,Arthedain,#87976d,King,4387,4470,83,217,134,True,0,0.0,
arthedain-mallor,Mallor,arthedain-mallor,Isildur,TA,895,TA,1110,M,True,reviewed,,,,,family-north,arthedain-arthedain-mallor-1029,arthedain,TA,1029,TA,1110,recorded,,parent-child,arthedain,Mallor,Arthedain,#87976d,King,4470,4551,81,215,134,True,0,0.0,
arthedain-celepharn,Celepharn,arthedain-celepharn,Isildur,TA,979,TA,1191,M,True,reviewed,,,,,family-north,arthedain-arthedain-celepharn-1110,arthedain,TA,1110,TA,1191,recorded,,parent-child,arthedain,Celepharn,Arthedain,#87976d,King,4551,4632,81,212,131,True,0,0.0,
arthedain-celebrindor,Celebrindor,arthedain-celebrindor,Isildur,TA,1062,TA,1272,M,True,reviewed,,,,,family-north,arthedain-arthedain-celebrindor-1191,arthedain,TA,1191,TA,1272,recorded,,parent-child,arthedain,Celebrindor,Arthedain,#87976d,King,4632,4713,81,210,129,True,0,0.0,
arthedain-malvegil,Malvegil,arthedain-malvegil,Isildur,TA,1144,TA,1349,M,True,reviewed,,,,,family-north,arthedain-arthedain-malvegil-1272,arthedain,TA,1272,TA,1349,recorded,,parent-child,arthedain,Malvegil,Arthedain,#87976d,King,4713,4790,77,205,128,True,0,0.0,
arthedain-argeleb-i,Argeleb I,arthedain-argeleb-i,Isildur,TA,1226,TA,1356,M,True,reviewed,,,,,family-north,arthedain-arthedain-argeleb-i-1349,arthedain,TA,1349,TA,1356,recorded,,parent-child,arthedain,Argeleb I,Arthedain,#87976d,King,4790,4797,7,130,123,True,0,0.0,
arthedain-arveleg-i,Arveleg I,arthedain-arveleg-i,Isildur,TA,1309,TA,1409,M,True,reviewed,,,,,family-north,arthedain-arthedain-arveleg-i-1356,arthedain,TA,1356,TA,1409,recorded,,parent-child,arthedain,Arveleg I,Arthedain,#87976d,King,4797,4850,53,100,47,True,0,0.0,
arthedain-araphor,Araphor,arthedain-araphor,Isildur,TA,1391,TA,1589,M,True,reviewed,,,,,family-north,arthedain-arthedain-araphor-1409,arthedain,TA,1409,TA,1589,recorded,,parent-child,arthedain,Araphor,Arthedain,#87976d,King,4850,5030,180,198,18,True,0,0.0,
arthedain-argeleb-ii,Argeleb II,arthedain-argeleb-ii,Isildur,TA,1473,TA,1670,M,True,reviewed,,,,,family-north,arthedain-arthedain-argeleb-ii-1589,arthedain,TA,1589,TA,1670,recorded,,parent-child,arthedain,Argeleb II,Arthedain,#87976d,King,5030,5111,81,197,116,True,0,0.0,
arthedain-arvegil,Arvegil,arthedain-arvegil,Isildur,TA,1553,TA,1743,M,True,reviewed,,,,,family-north,arthedain-arthedain-arvegil-1670,arthedain,TA,1670,TA,1743,recorded,,parent-child,arthedain,Arvegil,Arthedain,#87976d,King,5111,5184,73,190,117,True,0,0.0,
arthedain-arveleg-ii,Arveleg II,arthedain-arveleg-ii,Isildur,TA,1633,TA,1813,M,True,reviewed,,,,,family-north,arthedain-arthedain-arveleg-ii-1743,arthedain,TA,1743,TA,1813,recorded,,parent-child,arthedain,Arveleg II,Arthedain,#87976d,King,5184,5254,70,180,110,True,0,0.0,
arthedain-araval,Araval,arthedain-araval,Isildur,TA,1711,TA,1891,M,True,reviewed,,,,,family-north,arthedain-arthedain-araval-1813,arthedain,TA,1813,TA,1891,recorded,,parent-child,arthedain,Araval,Arthedain,#87976d,King,5254,5332,78,180,102,True,0,0.0,
arthedain-araphant,Araphant,arthedain-araphant,Isildur,TA,1789,TA,1964,M,True,reviewed,,,,,family-north,arthedain-arthedain-araphant-1891,arthedain,TA,1891,TA,1964,recorded,,parent-child,arthedain,Araphant,Arthedain,#87976d,King,5332,5405,73,175,102,True,0,0.0,
arthedain-arvedui,Arvedui,arthedain-arvedui,Isildur,TA,1864,TA,1975,M,True,reviewed,,,,,family-north,arthedain-arthedain-arvedui-1964,arthedain,TA,1964,TA,1974,recorded,Kingdom fell TA 1974; Arvedui died TA 1975. Office end and death are distinct.,parent-child,arthedain,Arvedui,Arthedain,#87976d,King,5405,5415,10,111,100,True,1,0.1,
chieftains-aranarth,Aranarth,chieftains-aranarth,Isildur,TA,1938,TA,2106,M,True,reviewed,,,,,family-north,chieftains-chieftains-aranarth-1976,chieftains,TA,1976,TA,2106,uncertain,Institution established TA 1976 in Appendix B; regnal lists also use TA 1975. This dataset uses 1976 and excludes the tenure from default statistics.,foundation / new office,chieftains,Aranarth,Chieftains,#748799,Chieftain,5417,5547,130,168,38,False,0,0.0,
chieftains-arahael,Arahael,chieftains-arahael,Isildur,TA,2012,TA,2177,M,True,reviewed,,,,,family-north,chieftains-chieftains-arahael-2106,chieftains,TA,2106,TA,2177,recorded,,parent-child,chieftains,Arahael,Chieftains,#748799,Chieftain,5547,5618,71,165,94,True,0,0.0,
chieftains-aranuir,Aranuir,chieftains-aranuir,Isildur,TA,2084,TA,2247,M,True,reviewed,,,,,family-north,chieftains-chieftains-aranuir-2177,chieftains,TA,2177,TA,2247,recorded,,parent-child,chieftains,Aranuir,Chieftains,#748799,Chieftain,5618,5688,70,163,93,True,0,0.0,
chieftains-aravir,Aravir,chieftains-aravir,Isildur,TA,2156,TA,2319,M,True,reviewed,,,,,family-north,chieftains-chieftains-aravir-2247,chieftains,TA,2247,TA,2319,recorded,,parent-child,chieftains,Aravir,Chieftains,#748799,Chieftain,5688,5760,72,163,91,True,0,0.0,
chieftains-aragorn-i,Aragorn I,chieftains-aragorn-i,Isildur,TA,2227,TA,2327,M,True,reviewed,,,,,family-north,chieftains-chieftains-aragorn-i-2319,chieftains,TA,2319,TA,2327,recorded,,parent-child,chieftains,Aragorn I,Chieftains,#748799,Chieftain,5760,5768,8,100,92,True,0,0.0,
chieftains-araglas,Araglas,chieftains-araglas,Isildur,TA,2296,TA,2455,M,True,reviewed,,,,,family-north,chieftains-chieftains-araglas-2327,chieftains,TA,2327,TA,2455,recorded,,parent-child,chieftains,Araglas,Chieftains,#748799,Chieftain,5768,5896,128,159,31,True,0,0.0,
chieftains-arahad-i,Arahad I,chieftains-arahad-i,Isildur,TA,2365,TA,2523,M,True,reviewed,,,,,family-north,chieftains-chieftains-arahad-i-2455,chieftains,TA,2455,TA,2523,recorded,,parent-child,chieftains,Arahad I,Chieftains,#748799,Chieftain,5896,5964,68,158,90,True,0,0.0,
chieftains-aragost,Aragost,chieftains-aragost,Isildur,TA,2431,TA,2588,M,True,reviewed,,,,,family-north,chieftains-chieftains-aragost-2523,chieftains,TA,2523,TA,2588,recorded,,parent-child,chieftains,Aragost,Chieftains,#748799,Chieftain,5964,6029,65,157,92,True,0,0.0,
chieftains-aravorn,Aravorn,chieftains-aravorn,Isildur,TA,2497,TA,2654,M,True,reviewed,,,,,family-north,chieftains-chieftains-aravorn-2588,chieftains,TA,2588,TA,2654,recorded,,parent-child,chieftains,Aravorn,Chieftains,#748799,Chieftain,6029,6095,66,157,91,True,0,0.0,
chieftains-arahad-ii,Arahad II,chieftains-arahad-ii,Isildur,TA,2563,TA,2719,M,True,reviewed,,,,,family-north,chieftains-chieftains-arahad-ii-2654,chieftains,TA,2654,TA,2719,recorded,,parent-child,chieftains,Arahad II,Chieftains,#748799,Chieftain,6095,6160,65,156,91,True,0,0.0,
chieftains-arassuil,Arassuil,chieftains-arassuil,Isildur,TA,2628,TA,2784,M,True,reviewed,,,,,family-north,chieftains-chieftains-arassuil-2719,chieftains,TA,2719,TA,2784,recorded,,parent-child,chieftains,Arassuil,Chieftains,#748799,Chieftain,6160,6225,65,156,91,True,0,0.0,
chieftains-arathorn-i,Arathorn I,chieftains-arathorn-i,Isildur,TA,2693,TA,2848,M,True,reviewed,,,,,family-north,chieftains-chieftains-arathorn-i-2784,chieftains,TA,2784,TA,2848,recorded,,parent-child,chieftains,Arathorn I,Chieftains,#748799,Chieftain,6225,6289,64,155,91,True,0,0.0,
chieftains-argonui,Argonui,chieftains-argonui,Isildur,TA,2757,TA,2912,M,True,reviewed,,,,,family-north,chieftains-chieftains-argonui-2848,chieftains,TA,2848,TA,2912,recorded,,parent-child,chieftains,Argonui,Chieftains,#748799,Chieftain,6289,6353,64,155,91,True,0,0.0,
chieftains-arador,Arador,chieftains-arador,Isildur,TA,2820,TA,2930,M,True,reviewed,,,,,family-north,chieftains-chieftains-arador-2912,chieftains,TA,2912,TA,2930,recorded,,parent-child,chieftains,Arador,Chieftains,#748799,Chieftain,6353,6371,18,110,92,True,0,0.0,
chieftains-arathorn-ii,Arathorn II,chieftains-arathorn-ii,Isildur,TA,2873,TA,2933,M,True,reviewed,,,,,family-north,chieftains-chieftains-arathorn-ii-2930,chieftains,TA,2930,TA,2933,recorded,,parent-child,chieftains,Arathorn II,Chieftains,#748799,Chieftain,6371,6374,3,60,57,True,0,0.0,
chieftains-aragorn-ii,Aragorn II,chieftains-aragorn-ii,Isildur,TA,2931,FA,120,M,True,reviewed,210,Reported age 210 takes precedence over simplified cross-Age year-label subtraction.,,,aragorn-life,chieftains-chieftains-aragorn-ii-2933,chieftains,TA,2933,TA,3019,recorded,,parent-child,chieftains,Aragorn II,Chieftains,#748799,Chieftain,6374,6460,86,210,2,True,0,0.0,Elessar; Strider; Estel; Telcontar
arnor-elendil,Elendil,arnor-elendil,Elendil,SA,3119,SA,3441,M,True,reviewed,,,,,family-north,gondor-arnor-elendil-3320,gondor,SA,3320,SA,3441,overlord,High kingship overlaps the local co-rulers. Excluded from default duration comparisons.,foundation / new office,gondor,Elendil,Gondor,#556579,King,3320,3441,121,322,201,False,1,0.008264462809917356,
gondor-anarion,Anárion,gondor-anarion,Anárion,SA,3219,SA,3440,M,True,reviewed,,,,,family-gondor,gondor-gondor-anarion-3320,gondor,SA,3320,SA,3440,co-ruler,,parent-child,gondor,Anárion,Gondor,#556579,King,3320,3440,120,221,101,False,0,0.0,
arnor-isildur,Isildur,arnor-isildur,Isildur,SA,3209,TA,2,M,True,reviewed,,,,,family-north,gondor-arnor-isildur-3320,gondor,SA,3320,TA,2,co-ruler,,sibling,gondor,Isildur,Gondor,#556579,King,3320,3443,123,234,111,False,1,0.008130081300813009,
gondor-meneldil,Meneldil,gondor-meneldil,Anárion,SA,3318,TA,158,M,True,reviewed,,,,,family-gondor,gondor-gondor-meneldil-2,gondor,TA,2,TA,158,recorded,,nephew / niece,gondor,Meneldil,Gondor,#556579,King,3443,3599,156,281,125,True,0,0.0,
gondor-cemendur,Cemendur,gondor-cemendur,Anárion,SA,3399,TA,238,M,True,reviewed,,,,,family-gondor,gondor-gondor-cemendur-158,gondor,TA,158,TA,238,recorded,,parent-child,gondor,Cemendur,Gondor,#556579,King,3599,3679,80,280,200,True,0,0.0,
gondor-earendil,Eärendil,gondor-earendil,Anárion,TA,48,TA,324,M,True,reviewed,,,,,family-gondor,gondor-gondor-earendil-238,gondor,TA,238,TA,324,recorded,,parent-child,gondor,Eärendil,Gondor,#556579,King,3679,3765,86,276,190,True,0,0.0,
gondor-anardil,Anardil,gondor-anardil,Anárion,TA,136,TA,411,M,True,reviewed,,,,,family-gondor,gondor-gondor-anardil-324,gondor,TA,324,TA,411,recorded,,parent-child,gondor,Anardil,Gondor,#556579,King,3765,3852,87,275,188,True,0,0.0,
gondor-ostoher,Ostoher,gondor-ostoher,Anárion,TA,222,TA,492,M,True,reviewed,,,,,family-gondor,gondor-gondor-ostoher-411,gondor,TA,411,TA,492,recorded,,parent-child,gondor,Ostoher,Gondor,#556579,King,3852,3933,81,270,189,True,0,0.0,
gondor-romendacil-i,Rómendacil I,gondor-romendacil-i,Anárion,TA,310,TA,541,M,True,reviewed,,,,,family-gondor,gondor-gondor-romendacil-i-492,gondor,TA,492,TA,541,recorded,,parent-child,gondor,Rómendacil I,Gondor,#556579,King,3933,3982,49,231,182,True,0,0.0,
gondor-turambar,Turambar,gondor-turambar,Anárion,TA,397,TA,667,M,True,reviewed,,,,,family-gondor,gondor-gondor-turambar-541,gondor,TA,541,TA,667,recorded,,parent-child,gondor,Turambar,Gondor,#556579,King,3982,4108,126,270,144,True,0,0.0,
gondor-atanatar-i,Atanatar I,gondor-atanatar-i,Anárion,TA,480,TA,748,M,True,reviewed,,,,,family-gondor,gondor-gondor-atanatar-i-667,gondor,TA,667,TA,748,recorded,,parent-child,gondor,Atanatar I,Gondor,#556579,King,4108,4189,81,268,187,True,0,0.0,
gondor-siriondil,Siriondil,gondor-siriondil,Anárion,TA,570,TA,830,M,True,reviewed,,,,,family-gondor,gondor-gondor-siriondil-748,gondor,TA,748,TA,830,recorded,,parent-child,gondor,Siriondil,Gondor,#556579,King,4189,4271,82,260,178,True,0,0.0,
gondor-tarannon-falastur,Tarannon Falastur,gondor-tarannon-falastur,Anárion,TA,654,TA,913,M,True,reviewed,,,,,family-gondor,gondor-gondor-tarannon-falastur-830,gondor,TA,830,TA,913,recorded,,parent-child,gondor,Tarannon Falastur,Gondor,#556579,King,4271,4354,83,259,176,True,0,0.0,
gondor-earnil-i,Eärnil I,gondor-earnil-i,Anárion,TA,736,TA,936,M,True,reviewed,,,,,family-gondor,gondor-gondor-earnil-i-913,gondor,TA,913,TA,936,recorded,,nephew / niece,gondor,Eärnil I,Gondor,#556579,King,4354,4377,23,200,177,True,0,0.0,
gondor-ciryandil,Ciryandil,gondor-ciryandil,Anárion,TA,820,TA,1015,M,True,reviewed,,,,,family-gondor,gondor-gondor-ciryandil-936,gondor,TA,936,TA,1015,recorded,,parent-child,gondor,Ciryandil,Gondor,#556579,King,4377,4456,79,195,116,True,0,0.0,
gondor-hyarmendacil-i,Hyarmendacil I,gondor-hyarmendacil-i,Anárion,TA,899,TA,1149,M,True,reviewed,,,,,family-gondor,gondor-gondor-hyarmendacil-i-1015,gondor,TA,1015,TA,1149,recorded,,parent-child,gondor,Hyarmendacil I,Gondor,#556579,King,4456,4590,134,250,116,True,0,0.0,
gondor-atanatar-ii-alcarin,Atanatar II Alcarin,gondor-atanatar-ii-alcarin,Anárion,TA,977,TA,1226,M,True,reviewed,,,,,family-gondor,gondor-gondor-atanatar-ii-alcarin-1149,gondor,TA,1149,TA,1226,recorded,,parent-child,gondor,Atanatar II Alcarin,Gondor,#556579,King,4590,4667,77,249,172,True,0,0.0,
gondor-narmacil-i,Narmacil I,gondor-narmacil-i,Anárion,TA,1049,TA,1294,M,True,reviewed,,,,,family-gondor,gondor-gondor-narmacil-i-1226,gondor,TA,1226,TA,1294,recorded,,parent-child,gondor,Narmacil I,Gondor,#556579,King,4667,4735,68,245,177,True,0,0.0,
gondor-calmacil,Calmacil,gondor-calmacil,Anárion,TA,1058,TA,1304,M,True,reviewed,,,,,family-gondor,gondor-gondor-calmacil-1294,gondor,TA,1294,TA,1304,recorded,,sibling,gondor,Calmacil,Gondor,#556579,King,4735,4745,10,246,236,True,0,0.0,
gondor-romendacil-ii,Rómendacil II,gondor-romendacil-ii,Anárion,TA,1126,TA,1366,M,True,reviewed,,,,,family-gondor,gondor-gondor-romendacil-ii-1304,gondor,TA,1304,TA,1366,recorded,,parent-child,gondor,Rómendacil II,Gondor,#556579,King,4745,4807,62,240,178,True,0,0.0,Minalcar
gondor-valacar,Valacar,gondor-valacar,Anárion,TA,1194,TA,1432,M,True,reviewed,,,,,family-gondor,gondor-gondor-valacar-1366,gondor,TA,1366,TA,1432,recorded,,parent-child,gondor,Valacar,Gondor,#556579,King,4807,4873,66,238,172,True,0,0.0,
gondor-eldacar,Eldacar,gondor-eldacar,Anárion,TA,1255,TA,1490,M,True,reviewed,,,,,family-gondor,gondor-gondor-eldacar-1432,gondor,TA,1432,TA,1437,recorded,,parent-child,gondor,Eldacar,Gondor,#556579,King,4873,4878,5,235,177,True,1,0.2,Vinitharya
gondor-castamir,Castamir,gondor-castamir,Anárion,TA,1259,TA,1447,M,True,reviewed,,,,,family-gondor,gondor-gondor-castamir-1437,gondor,TA,1437,TA,1447,usurper,,usurpation,gondor,Castamir,Gondor,#556579,King,4878,4888,10,188,178,False,2,0.2,
gondor-eldacar,Eldacar,gondor-eldacar,Anárion,TA,1255,TA,1490,M,True,reviewed,,,,,family-gondor,gondor-gondor-eldacar-1447,gondor,TA,1447,TA,1490,recorded,Second tenure; the ten-year exile is excluded.,restoration,gondor,Eldacar,Gondor,#556579,King,4888,4931,43,235,192,True,1,0.023255813953488372,Vinitharya
gondor-aldamir,Aldamir,gondor-aldamir,Anárion,TA,1330,TA,1540,M,True,reviewed,,,,,family-gondor,gondor-gondor-aldamir-1490,gondor,TA,1490,TA,1540,recorded,,parent-child,gondor,Aldamir,Gondor,#556579,King,4931,4981,50,210,160,True,0,0.0,
gondor-hyarmendacil-ii,Hyarmendacil II,gondor-hyarmendacil-ii,Anárion,TA,1391,TA,1621,M,True,reviewed,,,,,family-gondor,gondor-gondor-hyarmendacil-ii-1540,gondor,TA,1540,TA,1621,recorded,,parent-child,gondor,Hyarmendacil II,Gondor,#556579,King,4981,5062,81,230,149,True,0,0.0,
gondor-minardil,Minardil,gondor-minardil,Anárion,TA,1454,TA,1634,M,True,reviewed,,,,,minardil-life,gondor-gondor-minardil-1621,gondor,TA,1621,TA,1634,recorded,,parent-child,gondor,Minardil,Gondor,#556579,King,5062,5075,13,180,167,True,0,0.0,
gondor-telemnar,Telemnar,gondor-telemnar,Anárion,TA,1516,TA,1636,M,True,reviewed,,,,,family-gondor,gondor-gondor-telemnar-1634,gondor,TA,1634,TA,1636,recorded,,parent-child,gondor,Telemnar,Gondor,#556579,King,5075,5077,2,120,118,True,1,0.5,
gondor-tarondor,Tarondor,gondor-tarondor,Anárion,TA,1577,TA,1798,M,True,reviewed,,,,,family-gondor,gondor-gondor-tarondor-1636,gondor,TA,1636,TA,1798,recorded,,nephew / niece,gondor,Tarondor,Gondor,#556579,King,5077,5239,162,221,59,True,1,0.006172839506172839,
gondor-telumehtar-umbardacil,Telumehtar Umbardacil,gondor-telumehtar-umbardacil,Anárion,TA,1632,TA,1850,M,True,reviewed,,,,,family-gondor,gondor-gondor-telumehtar-umbardacil-1798,gondor,TA,1798,TA,1850,recorded,,parent-child,gondor,Telumehtar Umbardacil,Gondor,#556579,King,5239,5291,52,218,166,True,0,0.0,
gondor-narmacil-ii,Narmacil II,gondor-narmacil-ii,Anárion,TA,1684,TA,1856,M,True,reviewed,,,,,family-gondor,gondor-gondor-narmacil-ii-1850,gondor,TA,1850,TA,1856,recorded,,parent-child,gondor,Narmacil II,Gondor,#556579,King,5291,5297,6,172,166,True,0,0.0,
gondor-calimehtar,Calimehtar,gondor-calimehtar,Anárion,TA,1736,TA,1936,M,True,reviewed,,,,,family-gondor,gondor-gondor-calimehtar-1856,gondor,TA,1856,TA,1936,recorded,,parent-child,gondor,Calimehtar,Gondor,#556579,King,5297,5377,80,200,120,True,0,0.0,
gondor-ondoher,Ondoher,gondor-ondoher,Anárion,TA,1787,TA,1944,M,True,reviewed,,,,,family-gondor,gondor-gondor-ondoher-1936,gondor,TA,1936,TA,1944,recorded,,parent-child,gondor,Ondoher,Gondor,#556579,King,5377,5385,8,157,149,True,0,0.0,
gondor-earnil-ii,Eärnil II,gondor-earnil-ii,Anárion,TA,1883,TA,2043,M,True,reviewed,,,,,family-gondor,gondor-gondor-earnil-ii-1945,gondor,TA,1945,TA,2043,recorded,TA 1944–1945 interregnum is not assigned to a king.,collateral dynastic succession,gondor,Eärnil II,Gondor,#556579,King,5386,5484,98,160,62,True,0,0.0,
gondor-earnur,Eärnur,gondor-earnur,Anárion,TA,1928,,,M,True,reviewed,,Disappeared after accepting the challenge at Minas Morgul in TA 2050; death date unknown.,TA,2050,earnur-fate,gondor-gondor-earnur-2043,gondor,TA,2043,TA,2050,recorded,"Disappeared TA 2050; this is an office end, not a verified death date.",parent-child,gondor,Eärnur,Gondor,#556579,King,5484,5491,7,,115,True,1,0.14285714285714285,
stewards-mardil-voronwe,Mardil Voronwë,stewards-mardil-voronwe,Húrin,TA,1960,TA,2080,M,True,reviewed,,,,,family-stewards,stewards-stewards-mardil-voronwe-2050,stewards,TA,2050,TA,2080,recorded,,foundation / new office,stewards,Mardil Voronwë,Ruling Stewards,#967c7a,Ruling Steward,5491,5521,30,120,90,True,0,0.0,
stewards-eradan,Eradan,stewards-eradan,Húrin,TA,1999,TA,2116,M,True,reviewed,,,,,family-stewards,stewards-stewards-eradan-2080,stewards,TA,2080,TA,2116,recorded,,parent-child,stewards,Eradan,Ruling Stewards,#967c7a,Ruling Steward,5521,5557,36,117,81,True,0,0.0,
stewards-herion,Herion,stewards-herion,Húrin,TA,2037,TA,2148,M,True,reviewed,,,,,family-stewards,stewards-stewards-herion-2116,stewards,TA,2116,TA,2148,recorded,,parent-child,stewards,Herion,Ruling Stewards,#967c7a,Ruling Steward,5557,5589,32,111,79,True,0,0.0,
stewards-belegorn,Belegorn,stewards-belegorn,Húrin,TA,2074,TA,2204,M,True,reviewed,,,,,family-stewards,stewards-stewards-belegorn-2148,stewards,TA,2148,TA,2204,recorded,,parent-child,stewards,Belegorn,Ruling Stewards,#967c7a,Ruling Steward,5589,5645,56,130,74,True,0,0.0,
stewards-hurin-i,Húrin I,stewards-hurin-i,Húrin,TA,2124,TA,2244,M,True,reviewed,,,,,family-stewards,stewards-stewards-hurin-i-2204,stewards,TA,2204,TA,2244,recorded,,parent-child,stewards,Húrin I,Ruling Stewards,#967c7a,Ruling Steward,5645,5685,40,120,80,True,0,0.0,
stewards-turin-i,Túrin I,stewards-turin-i,Húrin,TA,2165,TA,2278,M,True,reviewed,,,,,family-stewards,stewards-stewards-turin-i-2244,stewards,TA,2244,TA,2278,recorded,,parent-child,stewards,Túrin I,Ruling Stewards,#967c7a,Ruling Steward,5685,5719,34,113,79,True,0,0.0,
stewards-hador,Hador,stewards-hador,Húrin,TA,2245,TA,2395,M,True,reviewed,,,,,family-stewards,stewards-stewards-hador-2278,stewards,TA,2278,TA,2395,recorded,,parent-child,stewards,Hador,Ruling Stewards,#967c7a,Ruling Steward,5719,5836,117,150,33,True,0,0.0,
stewards-barahir,Barahir,stewards-barahir,Húrin,TA,2290,TA,2412,M,True,reviewed,,,,,family-stewards,stewards-stewards-barahir-2395,stewards,TA,2395,TA,2412,recorded,,parent-child,stewards,Barahir,Ruling Stewards,#967c7a,Ruling Steward,5836,5853,17,122,105,True,0,0.0,
stewards-dior,Dior,stewards-dior,Húrin,TA,2328,TA,2435,M,True,reviewed,,,,,family-stewards,stewards-stewards-dior-2412,stewards,TA,2412,TA,2435,recorded,,parent-child,stewards,Dior,Ruling Stewards,#967c7a,Ruling Steward,5853,5876,23,107,84,True,0,0.0,
stewards-denethor-i,Denethor I,stewards-denethor-i,Húrin,TA,2375,TA,2477,M,True,reviewed,,,,,family-stewards,stewards-stewards-denethor-i-2435,stewards,TA,2435,TA,2477,recorded,,nephew / niece,stewards,Denethor I,Ruling Stewards,#967c7a,Ruling Steward,5876,5918,42,102,60,True,0,0.0,
stewards-boromir,Boromir,stewards-boromir,Húrin,TA,2410,TA,2489,M,True,reviewed,,,,,family-stewards,stewards-stewards-boromir-2477,stewards,TA,2477,TA,2489,recorded,,parent-child,stewards,Boromir,Ruling Stewards,#967c7a,Ruling Steward,5918,5930,12,79,67,True,0,0.0,
stewards-cirion,Cirion,stewards-cirion,Húrin,TA,2449,TA,2567,M,True,reviewed,,,,,family-stewards,stewards-stewards-cirion-2489,stewards,TA,2489,TA,2567,recorded,,parent-child,stewards,Cirion,Ruling Stewards,#967c7a,Ruling Steward,5930,6008,78,118,40,True,0,0.0,
stewards-hallas,Hallas,stewards-hallas,Húrin,TA,2480,TA,2605,M,True,reviewed,,,,,family-stewards,stewards-stewards-hallas-2567,stewards,TA,2567,TA,2605,recorded,,parent-child,stewards,Hallas,Ruling Stewards,#967c7a,Ruling Steward,6008,6046,38,125,87,True,0,0.0,
stewards-hurin-ii,Húrin II,stewards-hurin-ii,Húrin,TA,2515,TA,2628,M,True,reviewed,,,,,family-stewards,stewards-stewards-hurin-ii-2605,stewards,TA,2605,TA,2628,recorded,,parent-child,stewards,Húrin II,Ruling Stewards,#967c7a,Ruling Steward,6046,6069,23,113,90,True,0,0.0,
stewards-belecthor-i,Belecthor I,stewards-belecthor-i,Húrin,TA,2545,TA,2655,M,True,reviewed,,,,,family-stewards,stewards-stewards-belecthor-i-2628,stewards,TA,2628,TA,2655,recorded,,parent-child,stewards,Belecthor I,Ruling Stewards,#967c7a,Ruling Steward,6069,6096,27,110,83,True,0,0.0,
stewards-orodreth,Orodreth,stewards-orodreth,Húrin,TA,2576,TA,2685,M,True,reviewed,,,,,family-stewards,stewards-stewards-orodreth-2655,stewards,TA,2655,TA,2685,recorded,,parent-child,stewards,Orodreth,Ruling Stewards,#967c7a,Ruling Steward,6096,6126,30,109,79,True,0,0.0,
stewards-ecthelion-i,Ecthelion I,stewards-ecthelion-i,Húrin,TA,2600,TA,2698,M,True,reviewed,,,,,family-stewards,stewards-stewards-ecthelion-i-2685,stewards,TA,2685,TA,2698,recorded,,parent-child,stewards,Ecthelion I,Ruling Stewards,#967c7a,Ruling Steward,6126,6139,13,98,85,True,0,0.0,
stewards-egalmoth,Egalmoth,stewards-egalmoth,Húrin,TA,2626,TA,2743,M,True,reviewed,,,,,family-stewards,stewards-stewards-egalmoth-2698,stewards,TA,2698,TA,2743,recorded,,collateral dynastic succession,stewards,Egalmoth,Ruling Stewards,#967c7a,Ruling Steward,6139,6184,45,117,72,True,0,0.0,
stewards-beren,Beren,stewards-beren,Húrin,TA,2655,TA,2763,M,True,reviewed,,,,,family-stewards,stewards-stewards-beren-2743,stewards,TA,2743,TA,2763,recorded,,parent-child,stewards,Beren,Ruling Stewards,#967c7a,Ruling Steward,6184,6204,20,108,88,True,0,0.0,
stewards-beregond,Beregond,stewards-beregond,Húrin,TA,2700,TA,2811,M,True,reviewed,,,,,family-stewards,stewards-stewards-beregond-2763,stewards,TA,2763,TA,2811,recorded,,parent-child,stewards,Beregond,Ruling Stewards,#967c7a,Ruling Steward,6204,6252,48,111,63,True,0,0.0,
stewards-belecthor-ii,Belecthor II,stewards-belecthor-ii,Húrin,TA,2752,TA,2872,M,True,reviewed,,,,,family-stewards,stewards-stewards-belecthor-ii-2811,stewards,TA,2811,TA,2872,recorded,,parent-child,stewards,Belecthor II,Ruling Stewards,#967c7a,Ruling Steward,6252,6313,61,120,59,True,0,0.0,
stewards-thorondir,Thorondir,stewards-thorondir,Húrin,TA,2782,TA,2882,M,True,reviewed,,,,,family-stewards,stewards-stewards-thorondir-2872,stewards,TA,2872,TA,2882,recorded,,parent-child,stewards,Thorondir,Ruling Stewards,#967c7a,Ruling Steward,6313,6323,10,100,90,True,0,0.0,
stewards-turin-ii,Túrin II,stewards-turin-ii,Húrin,TA,2815,TA,2914,M,True,reviewed,,,,,family-stewards,stewards-stewards-turin-ii-2882,stewards,TA,2882,TA,2914,recorded,,parent-child,stewards,Túrin II,Ruling Stewards,#967c7a,Ruling Steward,6323,6355,32,99,67,True,0,0.0,
stewards-turgon,Turgon,stewards-turgon,Húrin,TA,2855,TA,2953,M,True,reviewed,,,,,family-stewards,stewards-stewards-turgon-2914,stewards,TA,2914,TA,2953,recorded,,parent-child,stewards,Turgon,Ruling Stewards,#967c7a,Ruling Steward,6355,6394,39,98,59,True,0,0.0,
stewards-ecthelion-ii,Ecthelion II,stewards-ecthelion-ii,Húrin,TA,2886,TA,2984,M,True,reviewed,,,,,family-stewards,stewards-stewards-ecthelion-ii-2953,stewards,TA,2953,TA,2984,recorded,,parent-child,stewards,Ecthelion II,Ruling Stewards,#967c7a,Ruling Steward,6394,6425,31,98,67,True,0,0.0,
stewards-denethor-ii,Denethor II,stewards-denethor-ii,Húrin,TA,2930,TA,3019,M,True,reviewed,,,,,family-stewards,stewards-stewards-denethor-ii-2984,stewards,TA,2984,TA,3019,recorded,,parent-child,stewards,Denethor II,Ruling Stewards,#967c7a,Ruling Steward,6425,6460,35,89,54,True,0,0.0,
chieftains-aragorn-ii,Aragorn II,chieftains-aragorn-ii,Isildur,TA,2931,FA,120,M,True,reviewed,210,Reported age 210 takes precedence over simplified cross-Age year-label subtraction.,,,aragorn-life,reunited-chieftains-aragorn-ii-3019,reunited,TA,3019,FA,120,recorded,Year-level convention uses SA 3441 and TA 3021 as era lengths; exact month/day durations are not claimed.,foundation / new office,reunited,Aragorn II,Reunited Kingdom,#9b884d,High King,6460,6582,122,210,88,True,1,0.00819672131147541,Elessar; Strider; Estel; Telcontar
