source_person_id,target_person_id,relationship_type,source_id,generations
numenor-elros-tar-minyatur,numenor-vardamir-nolimon,parent,family-numenor,1
numenor-vardamir-nolimon,numenor-tar-amandil,parent,family-numenor,1
numenor-tar-amandil,numenor-tar-elendil,parent,family-numenor,1
numenor-tar-elendil,numenor-tar-meneldur,parent,family-numenor,1
numenor-tar-meneldur,numenor-tar-aldarion,parent,family-numenor,1
numenor-tar-aldarion,numenor-tar-ancalime,parent,family-numenor,1
numenor-tar-ancalime,numenor-tar-anarion,parent,family-numenor,1
numenor-tar-anarion,numenor-tar-surion,parent,family-numenor,1
numenor-tar-surion,numenor-tar-telperien,parent,family-numenor,1
numenor-tar-surion,family-isilmo,parent,family-numenor,1
family-isilmo,numenor-tar-minastir,parent,family-numenor,1
numenor-tar-minastir,numenor-tar-ciryatan,parent,family-numenor,1
numenor-tar-ciryatan,numenor-tar-atanamir,parent,family-numenor,1
numenor-tar-atanamir,numenor-tar-ancalimon,parent,family-numenor,1
numenor-tar-ancalimon,numenor-tar-telemmaite,parent,family-numenor,1
numenor-tar-telemmaite,numenor-tar-vanimelde,parent,family-numenor,1
numenor-tar-alcarin,numenor-tar-calmacil,parent,family-numenor,1
numenor-tar-calmacil,numenor-tar-ardamin,parent,family-numenor,1
numenor-tar-ardamin,numenor-ar-adunakhor,parent,family-numenor,1
numenor-ar-adunakhor,numenor-ar-zimrathon,parent,family-numenor,1
numenor-ar-zimrathon,numenor-ar-sakalthor,parent,family-numenor,1
numenor-ar-sakalthor,numenor-ar-gimilzor,parent,family-numenor,1
numenor-ar-gimilzor,numenor-tar-palantir,parent,family-numenor,1
numenor-tar-vanimelde,numenor-tar-alcarin,parent,family-numenor,1
numenor-tar-anducal,numenor-tar-alcarin,parent,family-numenor,1
numenor-ar-gimilzor,family-gimilkhad,parent,family-numenor,1
family-gimilkhad,numenor-ar-pharazon,parent,family-numenor,1
numenor-tar-palantir,family-miriel,parent,family-numenor,1
family-inzilbeth,numenor-tar-palantir,parent,family-numenor,1
family-inzilbeth,family-gimilkhad,parent,family-numenor,1
numenor-tar-elendil,family-silmarien,parent,family-numenor,1
family-silmarien,family-valandil-andunie,parent,family-numenor,1
family-elatan,family-valandil-andunie,parent,family-numenor,1
family-numendil,family-amandil,parent,family-numenor,1
family-amandil,arnor-elendil,parent,family-numenor,1
family-earendil-halfelven,numenor-elros-tar-minyatur,parent,family-numenor,1
family-elwing,numenor-elros-tar-minyatur,parent,family-numenor,1
family-almarian,numenor-tar-aldarion,parent,family-numenor,1
family-erendis,numenor-tar-ancalime,parent,family-numenor,1
family-hallacar,numenor-tar-anarion,parent,family-numenor,1
numenor-tar-atanamir,numenor-tar-anducal,ancestor,herucalmo-family,3
family-valandil-andunie,family-numendil,ancestor,family-numenor,
arnor-elendil,arnor-isildur,parent,family-north,1
arnor-isildur,arnor-valandil,parent,family-north,1
arnor-valandil,arnor-eldacar,parent,family-north,1
arnor-eldacar,arnor-arantar,parent,family-north,1
arnor-arantar,arnor-tarcil,parent,family-north,1
arnor-tarcil,arnor-tarondor,parent,family-north,1
arnor-tarondor,arnor-valandur,parent,family-north,1
arnor-valandur,arnor-elendur,parent,family-north,1
arnor-elendur,arnor-earendur,parent,family-north,1
arnor-earendur,arthedain-amlaith,parent,family-north,1
arthedain-amlaith,arthedain-beleg,parent,family-north,1
arthedain-beleg,arthedain-mallor,parent,family-north,1
arthedain-mallor,arthedain-celepharn,parent,family-north,1
arthedain-celepharn,arthedain-celebrindor,parent,family-north,1
arthedain-celebrindor,arthedain-malvegil,parent,family-north,1
arthedain-malvegil,arthedain-argeleb-i,parent,family-north,1
arthedain-argeleb-i,arthedain-arveleg-i,parent,family-north,1
arthedain-arveleg-i,arthedain-araphor,parent,family-north,1
arthedain-araphor,arthedain-argeleb-ii,parent,family-north,1
arthedain-argeleb-ii,arthedain-arvegil,parent,family-north,1
arthedain-arvegil,arthedain-arveleg-ii,parent,family-north,1
arthedain-arveleg-ii,arthedain-araval,parent,family-north,1
arthedain-araval,arthedain-araphant,parent,family-north,1
arthedain-araphant,arthedain-arvedui,parent,family-north,1
arthedain-arvedui,chieftains-aranarth,parent,family-north,1
chieftains-aranarth,chieftains-arahael,parent,family-north,1
chieftains-arahael,chieftains-aranuir,parent,family-north,1
chieftains-aranuir,chieftains-aravir,parent,family-north,1
chieftains-aravir,chieftains-aragorn-i,parent,family-north,1
chieftains-aragorn-i,chieftains-araglas,parent,family-north,1
chieftains-araglas,chieftains-arahad-i,parent,family-north,1
chieftains-arahad-i,chieftains-aragost,parent,family-north,1
chieftains-aragost,chieftains-aravorn,parent,family-north,1
chieftains-aravorn,chieftains-arahad-ii,parent,family-north,1
chieftains-arahad-ii,chieftains-arassuil,parent,family-north,1
chieftains-arassuil,chieftains-arathorn-i,parent,family-north,1
chieftains-arathorn-i,chieftains-argonui,parent,family-north,1
chieftains-argonui,chieftains-arador,parent,family-north,1
chieftains-arador,chieftains-arathorn-ii,parent,family-north,1
chieftains-arathorn-ii,chieftains-aragorn-ii,parent,family-north,1
family-gilraen,chieftains-aragorn-ii,parent,gilraen-life,1
family-firiel,chieftains-aranarth,parent,family-north,1
arnor-elendil,gondor-anarion,parent,family-gondor,1
gondor-anarion,gondor-meneldil,parent,family-gondor,1
gondor-meneldil,gondor-cemendur,parent,family-gondor,1
gondor-cemendur,gondor-earendil,parent,family-gondor,1
gondor-earendil,gondor-anardil,parent,family-gondor,1
gondor-anardil,gondor-ostoher,parent,family-gondor,1
gondor-ostoher,gondor-romendacil-i,parent,family-gondor,1
gondor-romendacil-i,gondor-turambar,parent,family-gondor,1
gondor-turambar,gondor-atanatar-i,parent,family-gondor,1
gondor-atanatar-i,gondor-siriondil,parent,family-gondor,1
gondor-siriondil,gondor-tarannon-falastur,parent,family-gondor,1
gondor-siriondil,family-tarciryan,parent,family-gondor,1
family-tarciryan,gondor-earnil-i,parent,family-gondor,1
gondor-earnil-i,gondor-ciryandil,parent,family-gondor,1
gondor-ciryandil,gondor-hyarmendacil-i,parent,family-gondor,1
gondor-hyarmendacil-i,gondor-atanatar-ii-alcarin,parent,family-gondor,1
gondor-atanatar-ii-alcarin,gondor-narmacil-i,parent,family-gondor,1
gondor-atanatar-ii-alcarin,gondor-calmacil,parent,family-gondor,1
gondor-calmacil,gondor-romendacil-ii,parent,family-gondor,1
gondor-romendacil-ii,gondor-valacar,parent,family-gondor,1
gondor-valacar,gondor-eldacar,parent,family-gondor,1
gondor-eldacar,gondor-aldamir,parent,family-gondor,1
gondor-aldamir,gondor-hyarmendacil-ii,parent,family-gondor,1
gondor-hyarmendacil-ii,gondor-minardil,parent,family-gondor,1
gondor-minardil,gondor-telemnar,parent,family-gondor,1
gondor-minardil,family-minastan,parent,family-gondor,1
family-minastan,gondor-tarondor,parent,family-gondor,1
gondor-tarondor,gondor-telumehtar-umbardacil,parent,family-gondor,1
gondor-telumehtar-umbardacil,gondor-narmacil-ii,parent,family-gondor,1
gondor-narmacil-ii,gondor-calimehtar,parent,family-gondor,1
gondor-calimehtar,gondor-ondoher,parent,family-gondor,1
gondor-telumehtar-umbardacil,family-arciryas,parent,family-gondor,1
family-arciryas,family-calimmacil,parent,family-gondor,1
family-calimmacil,family-siriondil-prince,parent,family-gondor,1
family-siriondil-prince,gondor-earnil-ii,parent,family-gondor,1
gondor-earnil-ii,gondor-earnur,parent,family-gondor,1
gondor-calmacil,family-calimehtar-prince,parent,family-gondor,1
family-calimehtar-prince,gondor-castamir,ancestor,family-gondor,2
family-vidumavi,gondor-eldacar,parent,family-gondor,1
gondor-ondoher,family-firiel,parent,family-gondor,1
family-pelendur,family-vorondil,parent,family-stewards,1
family-vorondil,stewards-mardil-voronwe,parent,family-stewards,1
stewards-mardil-voronwe,stewards-eradan,parent,family-stewards,1
stewards-eradan,stewards-herion,parent,family-stewards,1
stewards-herion,stewards-belegorn,parent,family-stewards,1
stewards-belegorn,stewards-hurin-i,parent,family-stewards,1
stewards-hurin-i,stewards-turin-i,parent,family-stewards,1
stewards-turin-i,stewards-hador,parent,family-stewards,1
stewards-hador,stewards-barahir,parent,family-stewards,1
stewards-barahir,stewards-dior,parent,family-stewards,1
stewards-barahir,family-rian,parent,family-stewards,1
family-rian,stewards-denethor-i,parent,family-stewards,1
stewards-denethor-i,stewards-boromir,parent,family-stewards,1
stewards-boromir,stewards-cirion,parent,family-stewards,1
stewards-cirion,stewards-hallas,parent,family-stewards,1
stewards-hallas,stewards-hurin-ii,parent,family-stewards,1
stewards-hurin-ii,stewards-belecthor-i,parent,family-stewards,1
stewards-belecthor-i,stewards-orodreth,parent,family-stewards,1
stewards-orodreth,stewards-ecthelion-i,parent,family-stewards,1
stewards-belecthor-i,family-morwen,parent,family-stewards,1
family-morwen,stewards-egalmoth,ancestor,family-stewards,2
stewards-egalmoth,stewards-beren,parent,family-stewards,1
stewards-beren,stewards-beregond,parent,family-stewards,1
stewards-beregond,stewards-belecthor-ii,parent,family-stewards,1
stewards-belecthor-ii,stewards-thorondir,parent,family-stewards,1
stewards-thorondir,stewards-turin-ii,parent,family-stewards,1
stewards-turin-ii,stewards-turgon,parent,family-stewards,1
stewards-turgon,stewards-ecthelion-ii,parent,family-stewards,1
stewards-ecthelion-ii,stewards-denethor-ii,parent,family-stewards,1
family-hurin-emyn-arnen,family-pelendur,ancestor,family-stewards,
