source_id,title,url,reference,accessed,status
numenor,Tolkien Gateway: King of Númenor,https://tolkiengateway.net/wiki/King_of_Númenor,"Unfinished Tales, The Line of Elros",2026-09-28,Secondary reference checked; primary citation supplied for review
arnor,Tolkien Gateway: King of Arnor,https://tolkiengateway.net/wiki/King_of_Arnor,"The Lord of the Rings, Appendices A and B",2026-09-28,Secondary reference checked; primary citation supplied for review
arthedain,Tolkien Gateway: King of Arthedain,https://tolkiengateway.net/wiki/King_of_Arthedain,"The Lord of the Rings, Appendices A and B",2026-09-28,Secondary reference checked; primary citation supplied for review
chieftains,Tolkien Gateway: Chieftain of the Dúnedain,https://tolkiengateway.net/wiki/Chieftain_of_the_Dúnedain,"The Lord of the Rings, Appendices A and B",2026-09-28,Secondary reference checked; primary citation supplied for review
gondor,Tolkien Gateway: King of Gondor,https://tolkiengateway.net/wiki/King_of_Gondor,"The Lord of the Rings, Appendices A and B",2026-09-28,Secondary reference checked; primary citation supplied for review
stewards,Tolkien Gateway: Stewards,https://tolkiengateway.net/wiki/Stewards,"The Lord of the Rings, Appendices A and B",2026-09-28,Secondary reference checked; primary citation supplied for review
reunited,Tolkien Gateway: Aragorn,https://tolkiengateway.net/wiki/Aragorn,"The Lord of the Rings, Appendices A and B",2026-09-28,Secondary reference checked; primary citation supplied for review
lifespans,"Zarkanya: recorded Númenórean lifespans, Appendix 1",https://www.zarkanya.net/Tolkien/Decline%20of%20the%20Numenoreans.htm,"Unfinished Tales, The Line of Elros",2026-09-28,Recorded dates only; speculative estimates excluded
family-numenor,Tolkien Gateway: House of Elros,https://tolkiengateway.net/wiki/House_of_Elros,"Unfinished Tales, The Line of Elros; The Silmarillion, Akallabêth",2026-09-29,Secondary genealogy and date reference reviewed; primary citation supplied
family-north,Tolkien Gateway: House of Isildur,https://tolkiengateway.net/wiki/House_of_Isildur,"The Lord of the Rings, Appendix A; The Peoples of Middle-earth, The Heirs of Elendil",2026-09-29,Secondary genealogy and date reference reviewed; primary citation supplied
family-gondor,Tolkien Gateway: House of Anárion,https://tolkiengateway.net/wiki/House_of_Anárion,"The Lord of the Rings, Appendix A; The Peoples of Middle-earth, The Heirs of Elendil",2026-09-29,Secondary genealogy and date reference reviewed; primary citation supplied
family-stewards,Tolkien Gateway: House of Húrin,https://tolkiengateway.net/wiki/House_of_Húrin,"The Lord of the Rings, Appendix A; The Peoples of Middle-earth, The Heirs of Elendil",2026-09-29,Secondary genealogy and date reference reviewed; primary citation supplied
elros-life,Tolkien Gateway: Elros,https://tolkiengateway.net/wiki/Elros,"The War of the Jewels, The Tale of Years; Unfinished Tales, The Line of Elros",2026-09-29,Secondary genealogy and date reference reviewed; primary citation supplied
aragorn-life,Tolkien Gateway: Aragorn,https://tolkiengateway.net/wiki/Aragorn,"The Lord of the Rings, Appendix A; The Peoples of Middle-earth, The Heirs of Elendil",2026-09-29,Secondary genealogy and date reference reviewed; primary citation supplied
minardil-life,Tolkien Gateway: Minardil,https://tolkiengateway.net/wiki/Minardil,"The Lord of the Rings, Appendix A; The Peoples of Middle-earth, The Heirs of Elendil",2026-09-29,Secondary genealogy and date reference reviewed; primary citation supplied
pharazon-fate,Tolkien Gateway: Ar-Pharazôn,https://tolkiengateway.net/wiki/Ar-Pharazôn,"The Silmarillion, Akallabêth; Unfinished Tales, The Line of Elros",2026-09-29,Secondary genealogy and date reference reviewed; primary citation supplied
earnur-fate,Tolkien Gateway: Eärnur,https://tolkiengateway.net/wiki/Eärnur,"The Lord of the Rings, Appendix A; The Peoples of Middle-earth, The Heirs of Elendil",2026-09-29,Secondary genealogy and date reference reviewed; primary citation supplied
gilraen-life,Tolkien Gateway: Gilraen,https://tolkiengateway.net/wiki/Gilraen,"The Lord of the Rings, Appendix A; The Peoples of Middle-earth, The Heirs of Elendil",2026-09-29,Secondary genealogy and date reference reviewed; primary citation supplied
herucalmo-family,Tolkien Gateway: Herucalmo,https://tolkiengateway.net/wiki/Herucalmo,"Unfinished Tales, The Line of Elros",2026-09-29,Secondary genealogy and date reference reviewed; primary citation supplied
