name,realm,house,sex,birth_era,birth_year,acc_era,acc_year,end_era,end_year,lifespan,reign_length,age_at_accession,cause,succession,legit,is_ruling_steward,notes,source
Elros Tar-Minyatur,Numenor,Line of Elros,M,FA,532.0,SA,32.0,SA,442,500.0,410.0,90.0,Natural,founding,True,True,First King of Numenor; twin brother of Elrond; chose mortality. Founding of Numenor itself predates his reign.,"Unfinished Tales, 'The Line of Elros'"
Tar-Vardamir (Vardamir Nolimon),Numenor,Line of Elros,M,SA,61.0,SA,442.0,SA,443,410.0,1.0,381.0,Natural,father_son,True,True,Was already elderly (381) when his long-lived father died. Held the sceptre only titularly and abdicated almost immediately in favor of his son.,"Unfinished Tales, 'The Line of Elros'"
Tar-Amandil,Numenor,Line of Elros,M,SA,192.0,SA,443.0,SA,590,411.0,147.0,251.0,Natural,father_son,True,True,,"Unfinished Tales, 'The Line of Elros'"
Tar-Elendil,Numenor,Line of Elros,M,SA,350.0,SA,590.0,SA,740,421.0,150.0,240.0,Natural,father_son,True,True,Ancestor of the Lords of Andunie (and so of Elendil/Isildur/Anarion) through his daughter Silmarien.,"Unfinished Tales, 'The Line of Elros'"
Tar-Meneldur,Numenor,Line of Elros,M,SA,543.0,SA,740.0,SA,883,399.0,143.0,197.0,Natural,father_son,True,True,,"Unfinished Tales, 'The Line of Elros'"
Tar-Aldarion,Numenor,Line of Elros,M,SA,700.0,SA,883.0,SA,1075,398.0,192.0,183.0,Natural,father_son,True,True,Great mariner; changed the succession law to allow his daughter to inherit.,"Unfinished Tales, 'The Line of Elros'"
Tar-Ancalime,Numenor,Line of Elros,F,SA,873.0,SA,1075.0,SA,1280,412.0,205.0,202.0,Natural,father_daughter,True,True,First Ruling Queen of Numenor.,"Unfinished Tales, 'The Line of Elros'"
Tar-Anarion,Numenor,Line of Elros,M,SA,1003.0,SA,1280.0,SA,1394,401.0,114.0,277.0,Natural,father_son,True,True,,"Unfinished Tales, 'The Line of Elros'"
Tar-Surion,Numenor,Line of Elros,M,SA,1174.0,SA,1394.0,SA,1556,400.0,162.0,220.0,Natural,father_son,True,True,,"Unfinished Tales, 'The Line of Elros'"
Tar-Telperien,Numenor,Line of Elros,F,SA,1320.0,SA,1556.0,SA,1731,411.0,175.0,236.0,Natural,father_daughter,True,True,Second Ruling Queen; abdicated only months before her death the same year.,"Unfinished Tales, 'The Line of Elros'"
Tar-Minastir,Numenor,Line of Elros,M,SA,1474.0,SA,1731.0,SA,1869,399.0,138.0,257.0,Natural,nephew,True,True,Nephew of Tar-Telperien (she died without children).,"Unfinished Tales, 'The Line of Elros'"
Tar-Ciryatan,Numenor,Line of Elros,M,SA,1634.0,SA,1869.0,SA,2029,401.0,160.0,235.0,Natural,father_son,True,True,,"Unfinished Tales, 'The Line of Elros'"
Tar-Atanamir,Numenor,Line of Elros,M,SA,1800.0,SA,2029.0,SA,2221,421.0,192.0,229.0,Natural,father_son,True,True,First King to refuse to relinquish the sceptre -- the abdication custom ends with him.,"Unfinished Tales, 'The Line of Elros'"
Tar-Ancalimon,Numenor,Line of Elros,M,SA,1986.0,SA,2221.0,SA,2386,400.0,165.0,235.0,Natural,father_son,True,True,,"Unfinished Tales, 'The Line of Elros'"
Tar-Telemmaite,Numenor,Line of Elros,M,SA,2136.0,SA,2386.0,SA,2526,390.0,140.0,250.0,Natural,father_son,True,True,,"Unfinished Tales, 'The Line of Elros'"
Tar-Vanimelde,Numenor,Line of Elros,F,SA,2277.0,SA,2526.0,SA,2637,360.0,111.0,249.0,Natural,father_daughter,True,True,Third Ruling Queen.,"Unfinished Tales, 'The Line of Elros'"
Herucalmo (Tar-Anducal),Numenor,Line of Elros,M,SA,2286.0,SA,2637.0,SA,2657,371.0,20.0,351.0,Natural,usurpation,False,True,Vanimelde's husband; illegally claimed the sceptre after her death instead of their son Alcarin. Not counted among the 25.,"Unfinished Tales, 'The Line of Elros'"
Tar-Alcarin,Numenor,Line of Elros,M,SA,2406.0,SA,2657.0,SA,2737,331.0,80.0,251.0,Natural,father_son,True,True,Rightful heir; reign counted de jure from 2637 but he only ruled de facto from 2657 after his father's usurpation ended.,"Unfinished Tales, 'The Line of Elros'"
Tar-Calmacil,Numenor,Line of Elros,M,SA,2516.0,SA,2737.0,SA,2825,309.0,88.0,221.0,Natural,father_son,True,True,Some draft material (Peoples of Middle-earth) gives an earlier/alternate name 'Ar-Belzagar' for this king.,"Unfinished Tales, 'The Line of Elros'"
Tar-Ardamin,Numenor,Line of Elros,M,SA,2618.0,SA,2825.0,SA,2899,281.0,74.0,207.0,Natural,father_son,True,True,Alternate/draft name 'Ar-Abattarik' appears in some editions.,"Unfinished Tales, 'The Line of Elros'"
Ar-Adunakhor,Numenor,Line of Elros,M,SA,2709.0,SA,2899.0,SA,2962,253.0,63.0,190.0,Natural,father_son,True,True,First king to take his royal name only in Adunaic.,"Unfinished Tales, 'The Line of Elros'"
Ar-Zimrathon,Numenor,Line of Elros,M,SA,2798.0,SA,2963.0,SA,3033,235.0,70.0,165.0,Natural,father_son,True,True,,"Unfinished Tales, 'The Line of Elros'"
Ar-Sakalthor,Numenor,Line of Elros,M,SA,2876.0,SA,3033.0,SA,3102,226.0,69.0,157.0,Natural,father_son,True,True,,"Unfinished Tales, 'The Line of Elros'"
Ar-Gimilzor,Numenor,Line of Elros,M,SA,2960.0,SA,3102.0,SA,3177,217.0,75.0,142.0,Natural,father_son,True,True,Persecuted the Faithful.,"Unfinished Tales, 'The Line of Elros'"
Tar-Palantir,Numenor,Line of Elros,M,SA,3035.0,SA,3177.0,SA,3255,220.0,78.0,142.0,Natural,father_son,True,True,Last king of the Faithful before the Downfall.,"Unfinished Tales, 'The Line of Elros'"
Ar-Pharazon,Numenor,Line of Elros,M,SA,3118.0,SA,3255.0,SA,3319,201.0,64.0,137.0,Cataclysm,usurpation,True,True,"Son of Gimilkhad, nephew of Tar-Palantir. Forced marriage to his cousin Miriel (the rightful heiress) to seize the sceptre; led the assault on Aman that triggered the Downfall of Numenor.","Unfinished Tales, 'The Line of Elros'"
Tar-Miriel (Ar-Zimraphel),Numenor,Line of Elros,F,SA,3117.0,,,SA,3319,202.0,,,Cataclysm,,False,True,Rightful heiress to the sceptre by law; never allowed to reign. Drowned in the Downfall attempting to reach the Meneltarma.,"Unfinished Tales, 'The Line of Elros'"
Elendil,Arnor,House of Isildur,M,SA,3119.0,SA,3320.0,SA,3441,322.0,121.0,201.0,Violent,founding,True,True,Fled the Downfall of Numenor; High King of Arnor and Gondor. Slain fighting Sauron at the end of the War of the Last Alliance.,"LOTR Appendix A/B, 'The Realms in Exile: Arnor'"
Isildur,Arnor,House of Isildur,M,SA,3209.0,SA,3441.0,TA,2,234.0,2.0,232.0,Violent,father_son,True,True,Took the One Ring from Sauron. Ambushed by orcs at the Disaster of the Gladden Fields; lost the Ring in the Anduin.,"LOTR Appendix A/B, 'The Realms in Exile: Arnor'"
Valandil,Arnor,House of Isildur,M,SA,3430.0,TA,2.0,TA,249,260.0,247.0,13.0,Natural,father_son,True,True,"Youngest son of Isildur; spared the Gladden Fields massacre because he was too young to ride to war. His mother, Valandis, is recorded as regent TA 2-10 while he came of age.","LOTR Appendix A/B, 'The Realms in Exile: Arnor'"
Eldacar (of Arnor),Arnor,House of Isildur,M,TA,87.0,TA,249.0,TA,339,252.0,90.0,162.0,Natural,father_son,True,True,Not to be confused with the later King Eldacar of Gondor.,"LOTR Appendix A/B, 'The Realms in Exile: Arnor'"
Arantar,Arnor,House of Isildur,M,TA,185.0,TA,339.0,TA,435,250.0,96.0,154.0,Natural,father_son,True,True,,"LOTR Appendix A/B, 'The Realms in Exile: Arnor'"
Tarcil,Arnor,House of Isildur,M,TA,280.0,TA,435.0,TA,515,235.0,80.0,155.0,Natural,father_son,True,True,,"LOTR Appendix A/B, 'The Realms in Exile: Arnor'"
Tarondor (of Arnor),Arnor,House of Isildur,M,TA,372.0,TA,515.0,TA,602,230.0,87.0,143.0,Natural,father_son,True,True,Not to be confused with the later King Tarondor of Gondor.,"LOTR Appendix A/B, 'The Realms in Exile: Arnor'"
Valandur,Arnor,House of Isildur,M,TA,462.0,TA,602.0,TA,652,190.0,50.0,140.0,Natural,father_son,True,True,,"LOTR Appendix A/B, 'The Realms in Exile: Arnor'"
Elendur,Arnor,House of Isildur,M,TA,552.0,TA,652.0,TA,777,225.0,125.0,100.0,Natural,father_son,True,True,,"LOTR Appendix A/B, 'The Realms in Exile: Arnor'"
Earendur,Arnor,House of Isildur,M,TA,640.0,TA,777.0,TA,861,221.0,84.0,137.0,Natural,father_son,True,True,"Last king of undivided Arnor. At his death the realm was split between his three sons: Arthedain, Rhudaur, and Cardolan.","LOTR Appendix A/B, 'The Realms in Exile: Arnor'"
Amlaith of Fornost,Arthedain,House of Isildur,M,TA,726.0,TA,861.0,TA,946,220.0,85.0,135.0,Natural,founding,True,True,Eldest son of Earendur; first King of Arthedain after the three-way split.,"LOTR Appendix A/B, 'The Realms in Exile: Arthedain'"
Beleg,Arthedain,House of Isildur,M,TA,811.0,TA,946.0,TA,1029,218.0,83.0,135.0,Natural,father_son,True,True,,"LOTR Appendix A/B, 'The Realms in Exile: Arthedain'"
Mallor,Arthedain,House of Isildur,M,TA,895.0,TA,1029.0,TA,1110,215.0,81.0,134.0,Natural,father_son,True,True,,"LOTR Appendix A/B, 'The Realms in Exile: Arthedain'"
Celepharn,Arthedain,House of Isildur,M,TA,979.0,TA,1110.0,TA,1191,212.0,81.0,131.0,Natural,father_son,True,True,,"LOTR Appendix A/B, 'The Realms in Exile: Arthedain'"
Celebrindor,Arthedain,House of Isildur,M,TA,1062.0,TA,1191.0,TA,1272,210.0,81.0,129.0,Natural,father_son,True,True,,"LOTR Appendix A/B, 'The Realms in Exile: Arthedain'"
Malvegil,Arthedain,House of Isildur,M,TA,1144.0,TA,1272.0,TA,1349,205.0,77.0,128.0,Natural,father_son,True,True,In his time the sister-lines in Cardolan and Rhudaur died out; his son reclaimed the old title 'King of Arnor'.,"LOTR Appendix A/B, 'The Realms in Exile: Arthedain'"
Argeleb I,Arthedain,House of Isildur,M,TA,1226.0,TA,1349.0,TA,1356,130.0,7.0,123.0,Violent,father_son,True,True,Reasserted the title King of Arnor. Slain in battle defending the borders against Rhudaur.,"LOTR Appendix A/B, 'The Realms in Exile: Arthedain'"
Arveleg I,Arthedain,House of Isildur,M,TA,1309.0,TA,1356.0,TA,1409,100.0,53.0,47.0,Violent,father_son,True,True,Slain when Angmar overran the watchtower of Amon Sul (Weathertop).,"LOTR Appendix A/B, 'The Realms in Exile: Arthedain'"
Araphor,Arthedain,House of Isildur,M,TA,1391.0,TA,1409.0,TA,1589,198.0,180.0,18.0,Natural,father_son,True,True,Crowned young (18) after his father's sudden death in war; went on to the longest reign of any Arthedain king (180 years).,"LOTR Appendix A/B, 'The Realms in Exile: Arthedain'"
Argeleb II,Arthedain,House of Isildur,M,TA,1473.0,TA,1589.0,TA,1670,197.0,81.0,116.0,Natural,father_son,True,True,The Great Plague reached Eriador in his reign; granted the (depopulated) Shire to the Hobbits.,"LOTR Appendix A/B, 'The Realms in Exile: Arthedain'"
Arvegil,Arthedain,House of Isildur,M,TA,1553.0,TA,1670.0,TA,1743,190.0,73.0,117.0,Natural,father_son,True,True,,"LOTR Appendix A/B, 'The Realms in Exile: Arthedain'"
Arveleg II,Arthedain,House of Isildur,M,TA,1633.0,TA,1743.0,TA,1813,180.0,70.0,110.0,Natural,father_son,True,True,,"LOTR Appendix A/B, 'The Realms in Exile: Arthedain'"
Araval,Arthedain,House of Isildur,M,TA,1711.0,TA,1813.0,TA,1891,180.0,78.0,102.0,Natural,father_son,True,True,,"LOTR Appendix A/B, 'The Realms in Exile: Arthedain'"
Araphant,Arthedain,House of Isildur,M,TA,1789.0,TA,1891.0,TA,1964,175.0,73.0,102.0,Natural,father_son,True,True,"Renewed ties with Gondor; his son Arvedui married Firiel, daughter of King Ondoher of Gondor.","LOTR Appendix A/B, 'The Realms in Exile: Arthedain'"
Arvedui,Arthedain,House of Isildur,M,TA,1864.0,TA,1964.0,TA,1975,111.0,11.0,100.0,Accident,father_son,True,True,Named 'Last-king' from birth on a seer's prophecy. His claim to Gondor's throne (through his wife Firiel) was rejected. Arthedain fell to Angmar in 1974; he drowned in 1975 when his rescue ship was crushed by ice in the Icebay of Forochel.,"LOTR Appendix A/B, 'The Realms in Exile: Arthedain'"
Aranarth,Chieftains,House of Isildur,M,TA,1938.0,TA,1975.0,TA,2106,168.0,131.0,37.0,Natural,founding,True,True,Son of Arvedui; first to hold the title Chieftain rather than King after Arthedain's fall. Longest tenure of any Chieftain (131 years).,"LOTR Appendix A/B, 'Eriador, Arnor, and the Heirs of Isildur'"
Arahael,Chieftains,House of Isildur,M,,,TA,2106.0,TA,2177,,71.0,,Unknown,father_son,True,True,Birth year not recorded in the text.,"LOTR Appendix A/B, 'Eriador, Arnor, and the Heirs of Isildur'"
Aranuir,Chieftains,House of Isildur,M,,,TA,2177.0,TA,2247,,70.0,,Unknown,father_son,True,True,Birth year not recorded in the text.,"LOTR Appendix A/B, 'Eriador, Arnor, and the Heirs of Isildur'"
Aravir,Chieftains,House of Isildur,M,,,TA,2247.0,TA,2319,,72.0,,Unknown,father_son,True,True,Birth year not recorded in the text.,"LOTR Appendix A/B, 'Eriador, Arnor, and the Heirs of Isildur'"
Aragorn I,Chieftains,House of Isildur,M,TA,2227.0,TA,2319.0,TA,2327,100.0,8.0,92.0,Violent,father_son,True,True,Killed by wolves in eastern Eriador.,"LOTR Appendix A/B, 'Eriador, Arnor, and the Heirs of Isildur'"
Araglas,Chieftains,House of Isildur,M,,,TA,2327.0,TA,2455,,128.0,,Unknown,father_son,True,True,Birth year not recorded in the text.,"LOTR Appendix A/B, 'Eriador, Arnor, and the Heirs of Isildur'"
Arahad I,Chieftains,House of Isildur,M,,,TA,2455.0,TA,2523,,68.0,,Unknown,father_son,True,True,Birth year not recorded in the text.,"LOTR Appendix A/B, 'Eriador, Arnor, and the Heirs of Isildur'"
Aragost,Chieftains,House of Isildur,M,,,TA,2523.0,TA,2588,,65.0,,Unknown,father_son,True,True,Birth year not recorded in the text.,"LOTR Appendix A/B, 'Eriador, Arnor, and the Heirs of Isildur'"
Aravorn,Chieftains,House of Isildur,M,,,TA,2588.0,TA,2654,,66.0,,Unknown,father_son,True,True,Birth year not recorded in the text.,"LOTR Appendix A/B, 'Eriador, Arnor, and the Heirs of Isildur'"
Arahad II,Chieftains,House of Isildur,M,,,TA,2654.0,TA,2719,,65.0,,Unknown,father_son,True,True,Birth year not recorded in the text.,"LOTR Appendix A/B, 'Eriador, Arnor, and the Heirs of Isildur'"
Arassuil,Chieftains,House of Isildur,M,,,TA,2719.0,TA,2784,,65.0,,Unknown,father_son,True,True,Birth year not recorded in the text.,"LOTR Appendix A/B, 'Eriador, Arnor, and the Heirs of Isildur'"
Arathorn I,Chieftains,House of Isildur,M,,,TA,2784.0,TA,2848,,64.0,,Unknown,father_son,True,True,Marked in the Tale of Years as a premature/untimely death; specific cause not detailed in the text.,"LOTR Appendix A/B, 'Eriador, Arnor, and the Heirs of Isildur'"
Argonui,Chieftains,House of Isildur,M,,,TA,2848.0,TA,2912,,64.0,,Unknown,father_son,True,True,Birth year not recorded in the text.,"LOTR Appendix A/B, 'Eriador, Arnor, and the Heirs of Isildur'"
Arador,Chieftains,House of Isildur,M,TA,2820.0,TA,2912.0,TA,2930,110.0,18.0,92.0,Violent,father_son,True,True,Captured and slain by hill-trolls in the Coldfells / Ettenmoors. Grandfather of Aragorn II.,"LOTR Appendix A/B, 'Eriador, Arnor, and the Heirs of Isildur'"
Arathorn II,Chieftains,House of Isildur,M,TA,2873.0,TA,2930.0,TA,2933,60.0,3.0,57.0,Violent,father_son,True,True,"Killed by an orc-arrow while riding against orcs, only 3 years into his chieftainship. Father of Aragorn II, who was 2 years old.","LOTR Appendix A/B, 'Eriador, Arnor, and the Heirs of Isildur'"
Aragorn II (Elessar),Chieftains,House of Isildur,M,TA,2931.0,TA,2933.0,TA,3019,210.0,86.0,2.0,Natural,father_son,True,True,"16th and last Chieftain; crowned King Elessar of the Reunited Kingdom in TA 3019, ending the Chieftain line. Lived 210 years, reigned as King 122 more years -- see Gondor/Reunited Kingdom entry for the kingship portion.","LOTR Appendix A/B, 'Eriador, Arnor, and the Heirs of Isildur'"
Anarion,Gondor,House of Anarion,M,SA,3219.0,SA,3320.0,SA,3440,221.0,120.0,101.0,Violent,founding,True,True,Co-founder of Gondor with his brother Isildur under their father Elendil. Killed by a stone cast from Barad-dur during the siege.,"LOTR Appendix A/B, 'Gondor and the Heirs of Anarion'"
Meneldil,Gondor,House of Anarion,M,SA,3318.0,TA,2.0,TA,158,281.0,156.0,125.0,Natural,father_son,True,True,Last person born in Numenor before its destruction.,"LOTR Appendix A/B, 'Gondor and the Heirs of Anarion'"
Cemendur,Gondor,House of Anarion,M,SA,3399.0,TA,158.0,TA,238,280.0,80.0,200.0,Natural,father_son,True,True,,"LOTR Appendix A/B, 'Gondor and the Heirs of Anarion'"
Earendil (of Gondor),Gondor,House of Anarion,M,TA,48.0,TA,238.0,TA,324,276.0,86.0,190.0,Natural,father_son,True,True,,"LOTR Appendix A/B, 'Gondor and the Heirs of Anarion'"
Anardil,Gondor,House of Anarion,M,TA,136.0,TA,324.0,TA,411,275.0,87.0,188.0,Natural,father_son,True,True,,"LOTR Appendix A/B, 'Gondor and the Heirs of Anarion'"
Ostoher,Gondor,House of Anarion,M,TA,222.0,TA,411.0,TA,492,270.0,81.0,189.0,Natural,father_son,True,True,Rebuilt Minas Anor. Easterlings began attacking Gondor in his reign.,"LOTR Appendix A/B, 'Gondor and the Heirs of Anarion'"
Romendacil I (Tarostar),Gondor,House of Anarion,M,TA,310.0,TA,492.0,TA,541,231.0,49.0,182.0,Violent,father_son,True,True,Slain in battle repelling a second Easterling invasion.,"LOTR Appendix A/B, 'Gondor and the Heirs of Anarion'"
Turambar,Gondor,House of Anarion,M,TA,397.0,TA,541.0,TA,667,270.0,126.0,144.0,Natural,father_son,True,True,"Avenged his father, conquering land from the Easterlings.","LOTR Appendix A/B, 'Gondor and the Heirs of Anarion'"
Atanatar I,Gondor,House of Anarion,M,TA,480.0,TA,667.0,TA,748,268.0,81.0,187.0,Natural,father_son,True,True,,"LOTR Appendix A/B, 'Gondor and the Heirs of Anarion'"
Siriondil,Gondor,House of Anarion,M,TA,570.0,TA,748.0,TA,840,270.0,92.0,178.0,Natural,father_son,True,True,,"LOTR Appendix A/B, 'Gondor and the Heirs of Anarion'"
Tarannon Falastur,Gondor,House of Anarion,M,TA,654.0,TA,840.0,TA,913,259.0,73.0,186.0,Natural,father_son,True,True,First of the Ship-kings; died childless.,"LOTR Appendix A/B, 'Gondor and the Heirs of Anarion'"
Earnil I,Gondor,House of Anarion,M,TA,736.0,TA,913.0,TA,936,200.0,23.0,177.0,Accident,nephew,True,True,Captured Umbar; lost at sea in a storm.,"LOTR Appendix A/B, 'Gondor and the Heirs of Anarion'"
Ciryandil,Gondor,House of Anarion,M,TA,820.0,TA,936.0,TA,1015,195.0,79.0,116.0,Violent,father_son,True,True,Died defending Umbar against the Haradrim.,"LOTR Appendix A/B, 'Gondor and the Heirs of Anarion'"
Hyarmendacil I (Ciryaher),Gondor,House of Anarion,M,TA,899.0,TA,1015.0,TA,1149,250.0,134.0,116.0,Natural,father_son,True,True,Gondor reaches its territorial and military peak under his reign.,"LOTR Appendix A/B, 'Gondor and the Heirs of Anarion'"
Atanatar II Alcarin,Gondor,House of Anarion,M,TA,977.0,TA,1149.0,TA,1226,249.0,77.0,172.0,Natural,father_son,True,True,Gondor's long decline in vigor (though not yet power) is dated from here.,"LOTR Appendix A/B, 'Gondor and the Heirs of Anarion'"
Narmacil I,Gondor,House of Anarion,M,TA,1058.0,TA,1226.0,TA,1294,236.0,68.0,168.0,Natural,father_son,True,True,Childless; handed active rule to his nephew/regent Minalcar in 1240 but kept the title until his death.,"LOTR Appendix A/B, 'Gondor and the Heirs of Anarion'"
Calmacil,Gondor,House of Anarion,M,TA,1058.0,TA,1294.0,TA,1304,246.0,10.0,236.0,Natural,brother,True,True,Younger brother of Narmacil I; real power still held by his son/regent Minalcar.,"LOTR Appendix A/B, 'Gondor and the Heirs of Anarion'"
Romendacil II (Minalcar),Gondor,House of Anarion,M,TA,1126.0,TA,1304.0,TA,1366,240.0,62.0,178.0,Natural,father_son,True,True,Ruled as Prince-Regent from 1240 (age 114) before his formal accession in 1304. Raised the Argonath.,"LOTR Appendix A/B, 'Gondor and the Heirs of Anarion'"
Valacar,Gondor,House of Anarion,M,TA,1194.0,TA,1366.0,TA,1432,238.0,66.0,172.0,Natural,father_son,True,True,"Married Vidumavi, a Northman princess; the resulting 'mixed blood' controversy triggers the Kin-strife after his death.","LOTR Appendix A/B, 'Gondor and the Heirs of Anarion'"
Eldacar (Vinitharya),Gondor,House of Anarion,M,TA,1255.0,TA,1432.0,TA,1437,235.0,5.0,177.0,Natural,father_son,True,True,First reign ends 1437 when he is deposed and exiled by Castamir (Kin-strife). See second entry for his restoration.,"LOTR Appendix A/B, 'Gondor and the Heirs of Anarion'"
Castamir the Usurper,Gondor,,M,TA,1259.0,TA,1437.0,TA,1447,188.0,10.0,178.0,Violent,usurpation,False,True,Distant cousin of Eldacar; seized the throne in the Kin-strife civil war. Unpopular (burned Osgiliath). Killed by Eldacar at the Battle of the Crossings of Erui.,"LOTR Appendix A/B, 'Gondor and the Heirs of Anarion'"
Eldacar (restored),Gondor,House of Anarion,M,TA,1255.0,TA,1447.0,TA,1490,235.0,43.0,192.0,Natural,restoration,True,True,"Returned from exile in Rhovanion and retook the throne, ending the Kin-strife.","LOTR Appendix A/B, 'Gondor and the Heirs of Anarion'"
Aldamir,Gondor,House of Anarion,M,TA,1330.0,TA,1490.0,TA,1540,210.0,50.0,160.0,Violent,father_son,True,True,Constant warfare with the Corsairs of Umbar (descendants of Castamir's followers).,"LOTR Appendix A/B, 'Gondor and the Heirs of Anarion'"
Hyarmendacil II (Vinyarion),Gondor,House of Anarion,M,TA,1391.0,TA,1540.0,TA,1621,230.0,81.0,149.0,Natural,father_son,True,True,,"LOTR Appendix A/B, 'Gondor and the Heirs of Anarion'"
Minardil,Gondor,House of Anarion,M,TA,1454.0,TA,1621.0,TA,1634,180.0,13.0,167.0,Violent,father_son,True,True,Slain at Pelargir in a raid by the Corsairs of Umbar.,"LOTR Appendix A/B, 'Gondor and the Heirs of Anarion'"
Telemnar,Gondor,House of Anarion,M,TA,1516.0,TA,1634.0,TA,1636,120.0,2.0,118.0,Plague,father_son,True,True,Died in the Great Plague along with all of his children.,"LOTR Appendix A/B, 'Gondor and the Heirs of Anarion'"
Tarondor (of Gondor),Gondor,House of Anarion,M,TA,1577.0,TA,1636.0,TA,1798,221.0,162.0,59.0,Natural,nephew,True,True,Nephew of Telemnar. Longest-reigning King of Gondor (162 years). Moved the capital from plague-hit Osgiliath to Minas Anor.,"LOTR Appendix A/B, 'Gondor and the Heirs of Anarion'"
Telumehtar Umbardacil,Gondor,House of Anarion,M,TA,1632.0,TA,1798.0,TA,1850,218.0,52.0,166.0,Natural,father_son,True,True,Recaptured Umbar from the Corsairs.,"LOTR Appendix A/B, 'Gondor and the Heirs of Anarion'"
Narmacil II,Gondor,House of Anarion,M,TA,1684.0,TA,1850.0,TA,1856,172.0,6.0,166.0,Violent,father_son,True,True,Slain in battle against the Wainriders.,"LOTR Appendix A/B, 'Gondor and the Heirs of Anarion'"
Calimehtar,Gondor,House of Anarion,M,TA,1736.0,TA,1856.0,TA,1936,200.0,80.0,120.0,Natural,father_son,True,True,Built the White Tower in Minas Anor (T.A. 1900).,"LOTR Appendix A/B, 'Gondor and the Heirs of Anarion'"
Ondoher,Gondor,House of Anarion,M,TA,1787.0,TA,1936.0,TA,1944,157.0,8.0,149.0,Violent,father_son,True,True,"Killed in battle with the Wainriders along with both of his sons, ending his direct male line. His daughter Firiel's claim (through her husband Arvedui of Arthedain) was rejected by the Council in favor of Earnil II.","LOTR Appendix A/B, 'Gondor and the Heirs of Anarion'"
Earnil II,Gondor,House of Anarion,M,TA,1883.0,TA,1945.0,TA,2043,160.0,98.0,62.0,Natural,council_elected,True,True,"A collateral descendant of Telumehtar Umbardacil, not of Ondoher; chosen by the Council (led by Steward Pelendur) over Arvedui/Firiel's rival claim after a 1-year interregnum.","LOTR Appendix A/B, 'Gondor and the Heirs of Anarion'"
Earnur,Gondor,House of Anarion,M,TA,1928.0,TA,2043.0,TA,2050,122.0,7.0,115.0,Disappeared,father_son,True,True,Last King of Gondor. Rode alone to Minas Morgul to answer the Witch-king's challenge and was never seen again. Never married; left no heir -- the Ruling Stewards take over from here.,"LOTR Appendix A/B, 'Gondor and the Heirs of Anarion'"
Aragorn II Elessar (King),Gondor,House of Isildur (Reunited),M,TA,2931.0,TA,3019.0,FO,120,210.0,122.0,88.0,Natural,restoration,True,True,"First King of the Reunited Kingdom of Arnor and Gondor, closing a 969-year kingless period in Gondor and reuniting the North and South kingdoms after nearly 1,000 years apart. Chose to lay down his life at the end (in the manner of the ancient Numenorean kings) rather than decline into dotage.","LOTR Appendix A/B, 'Gondor and the Heirs of Anarion'"
Pelendur,Stewards,House of Hurin (Emyn Arnen),M,,,TA,1940.0,TA,1998,,58.0,,Natural,founding,True,False,"Steward to King Ondoher; ruled as regent for a year after Ondoher and both his sons died fighting the Wainriders (T.A. 1944) -- the same interregnum noted in the events table, where he backed Earnil II's claim over Arvedui's. Predates the Ruling Stewards; not one of the 26 counted in that line. His accession year (c.1940) is the single least-certain date in this whole dataset -- only his death (1998) and the 1944 crisis are well corroborated; no birth year is attested anywhere found.",Secondary compilations of LOTR Appendix A ('The Stewards'); birth year not attested
Vorondil the Hunter,Stewards,House of Hurin (Emyn Arnen),M,TA,1919.0,TA,1998.0,TA,2029,110.0,31.0,79.0,Natural,father_son,True,False,"Son of Pelendur; second of three Stewards to serve King Earnil II. Hunted the Kine of Araw near the Sea of Rhun; the horn from that hunt became the Great Horn of Gondor, carried by the House of Hurin for two thousand years until it was split in two at the death of its last bearer -- Boromir of the Fellowship of the Ring.","The Peoples of Middle-earth (HoMe XII), 'The Heirs of Elendil', p.204 (birth year, aged 110 at death); LOTR Appendix A"
Mardil Voronwe,Stewards,House of Hurin (Emyn Arnen),M,TA,1960.0,TA,2050.0,TA,2080,120.0,30.0,90.0,Natural,founding,True,True,First Ruling Steward; ruled in the name of the vanished King Earnur rather than claim the crown.,"LOTR Appendix A, 'The Stewards'; birth years via Peoples of Middle-earth pp.204-207"
Eradan,Stewards,House of Hurin (Emyn Arnen),M,TA,1999.0,TA,2080.0,TA,2116,117.0,36.0,81.0,Natural,father_son,True,True,,"LOTR Appendix A, 'The Stewards'; birth years via Peoples of Middle-earth pp.204-207"
Herion,Stewards,House of Hurin (Emyn Arnen),M,TA,2037.0,TA,2116.0,TA,2148,111.0,32.0,79.0,Natural,father_son,True,True,,"LOTR Appendix A, 'The Stewards'; birth years via Peoples of Middle-earth pp.204-207"
Belegorn,Stewards,House of Hurin (Emyn Arnen),M,TA,2074.0,TA,2148.0,TA,2204,130.0,56.0,74.0,Natural,father_son,True,True,,"LOTR Appendix A, 'The Stewards'; birth years via Peoples of Middle-earth pp.204-207"
Hurin I,Stewards,House of Hurin (Emyn Arnen),M,TA,2124.0,TA,2204.0,TA,2244,120.0,40.0,80.0,Natural,father_son,True,True,,"LOTR Appendix A, 'The Stewards'; birth years via Peoples of Middle-earth pp.204-207"
Turin I,Stewards,House of Hurin (Emyn Arnen),M,TA,2165.0,TA,2244.0,TA,2278,113.0,34.0,79.0,Natural,father_son,True,True,,"LOTR Appendix A, 'The Stewards'; birth years via Peoples of Middle-earth pp.204-207"
Hador,Stewards,House of Hurin (Emyn Arnen),M,TA,2245.0,TA,2278.0,TA,2395,150.0,117.0,33.0,Natural,father_son,True,True,,"LOTR Appendix A, 'The Stewards'; birth years via Peoples of Middle-earth pp.204-207"
Barahir,Stewards,House of Hurin (Emyn Arnen),M,TA,2290.0,TA,2395.0,TA,2412,122.0,17.0,105.0,Natural,father_son,True,True,,"LOTR Appendix A, 'The Stewards'; birth years via Peoples of Middle-earth pp.204-207"
Dior,Stewards,House of Hurin (Emyn Arnen),M,TA,2328.0,TA,2412.0,TA,2435,107.0,23.0,84.0,Natural,father_son,True,True,,"LOTR Appendix A, 'The Stewards'; birth years via Peoples of Middle-earth pp.204-207"
Denethor I,Stewards,House of Hurin (Emyn Arnen),M,TA,2375.0,TA,2435.0,TA,2477,102.0,42.0,60.0,Natural,nephew,True,True,"Son of Dior's sister, not his son.","LOTR Appendix A, 'The Stewards'; birth years via Peoples of Middle-earth pp.204-207"
Boromir (Steward),Stewards,House of Hurin (Emyn Arnen),M,TA,2410.0,TA,2477.0,TA,2489,79.0,12.0,67.0,Natural,father_son,True,True,,"LOTR Appendix A, 'The Stewards'; birth years via Peoples of Middle-earth pp.204-207"
Cirion,Stewards,House of Hurin (Emyn Arnen),M,TA,2449.0,TA,2489.0,TA,2567,118.0,78.0,40.0,Natural,father_son,True,True,"Granted Calenardhon to the Eotheod, founding Rohan (Ring of Isengard/Cirion and Eorl).","LOTR Appendix A, 'The Stewards'; birth years via Peoples of Middle-earth pp.204-207"
Hallas,Stewards,House of Hurin (Emyn Arnen),M,TA,2480.0,TA,2567.0,TA,2605,125.0,38.0,87.0,Natural,father_son,True,True,,"LOTR Appendix A, 'The Stewards'; birth years via Peoples of Middle-earth pp.204-207"
Hurin II,Stewards,House of Hurin (Emyn Arnen),M,TA,2515.0,TA,2605.0,TA,2628,113.0,23.0,90.0,Natural,father_son,True,True,,"LOTR Appendix A, 'The Stewards'; birth years via Peoples of Middle-earth pp.204-207"
Belecthor I,Stewards,House of Hurin (Emyn Arnen),M,TA,2545.0,TA,2628.0,TA,2655,110.0,27.0,83.0,Natural,father_son,True,True,,"LOTR Appendix A, 'The Stewards'; birth years via Peoples of Middle-earth pp.204-207"
Orodreth,Stewards,House of Hurin (Emyn Arnen),M,TA,2576.0,TA,2655.0,TA,2685,109.0,30.0,79.0,Natural,father_son,True,True,,"LOTR Appendix A, 'The Stewards'; birth years via Peoples of Middle-earth pp.204-207"
Ecthelion I,Stewards,House of Hurin (Emyn Arnen),M,TA,2600.0,TA,2685.0,TA,2698,98.0,13.0,85.0,Natural,father_son,True,True,Rebuilt the White Tower of Minas Tirith.,"LOTR Appendix A, 'The Stewards'; birth years via Peoples of Middle-earth pp.204-207"
Egalmoth,Stewards,House of Hurin (Emyn Arnen),M,TA,2626.0,TA,2698.0,TA,2743,117.0,45.0,72.0,Natural,cousin_collateral,True,True,Grandson of Orodreth's sister Morwen.,"LOTR Appendix A, 'The Stewards'; birth years via Peoples of Middle-earth pp.204-207"
Beren (Steward),Stewards,House of Hurin (Emyn Arnen),M,TA,2655.0,TA,2743.0,TA,2763,108.0,20.0,88.0,Natural,father_son,True,True,,"LOTR Appendix A, 'The Stewards'; birth years via Peoples of Middle-earth pp.204-207"
Beregond (Steward),Stewards,House of Hurin (Emyn Arnen),M,TA,2700.0,TA,2763.0,TA,2811,111.0,48.0,63.0,Natural,father_son,True,True,,"LOTR Appendix A, 'The Stewards'; birth years via Peoples of Middle-earth pp.204-207"
Belecthor II,Stewards,House of Hurin (Emyn Arnen),M,TA,2752.0,TA,2811.0,TA,2872,120.0,61.0,59.0,Natural,father_son,True,True,The White Tree of Minas Tirith died in his time.,"LOTR Appendix A, 'The Stewards'; birth years via Peoples of Middle-earth pp.204-207"
Thorondir,Stewards,House of Hurin (Emyn Arnen),M,TA,2782.0,TA,2872.0,TA,2882,100.0,10.0,90.0,Natural,father_son,True,True,,"LOTR Appendix A, 'The Stewards'; birth years via Peoples of Middle-earth pp.204-207"
Turin II,Stewards,House of Hurin (Emyn Arnen),M,TA,2815.0,TA,2882.0,TA,2914,99.0,32.0,67.0,Natural,father_son,True,True,,"LOTR Appendix A, 'The Stewards'; birth years via Peoples of Middle-earth pp.204-207"
Turgon,Stewards,House of Hurin (Emyn Arnen),M,TA,2855.0,TA,2914.0,TA,2953,98.0,39.0,59.0,Natural,father_son,True,True,,"LOTR Appendix A, 'The Stewards'; birth years via Peoples of Middle-earth pp.204-207"
Ecthelion II,Stewards,House of Hurin (Emyn Arnen),M,TA,2886.0,TA,2953.0,TA,2984,98.0,31.0,67.0,Natural,father_son,True,True,,"LOTR Appendix A, 'The Stewards'; birth years via Peoples of Middle-earth pp.204-207"
Denethor II,Stewards,House of Hurin (Emyn Arnen),M,TA,2930.0,TA,2984.0,TA,3019,89.0,35.0,54.0,Suicide,father_son,True,True,"Last Ruling Steward. Took his own life by fire during the Battle of the Pelennor Fields, believing Gondor doomed and his son Faramir dying.","LOTR Appendix A, 'The Stewards'; birth years via Peoples of Middle-earth pp.204-207"
2nd Prince of Dol Amroth,Dol Amroth,House of Dol Amroth,M,TA,2060.0,TA,2129.0,TA,2206,146.0,77.0,69.0,Natural,father_son,True,True,,"The Peoples of Middle-earth (HoMe XII), 'The Heirs of Elendil: The Line of Dol Amroth'"
3rd Prince of Dol Amroth,Dol Amroth,House of Dol Amroth,M,TA,2120.0,TA,2206.0,TA,2254,134.0,48.0,86.0,Natural,father_son,True,True,,"The Peoples of Middle-earth (HoMe XII), 'The Heirs of Elendil: The Line of Dol Amroth'"
4th Prince of Dol Amroth,Dol Amroth,House of Dol Amroth,M,TA,2172.0,TA,2254.0,TA,2299,127.0,45.0,82.0,Natural,father_son,True,True,,"The Peoples of Middle-earth (HoMe XII), 'The Heirs of Elendil: The Line of Dol Amroth'"
5th Prince of Dol Amroth,Dol Amroth,House of Dol Amroth,M,TA,2225.0,TA,2299.0,TA,2348,123.0,49.0,74.0,Natural,father_son,True,True,,"The Peoples of Middle-earth (HoMe XII), 'The Heirs of Elendil: The Line of Dol Amroth'"
6th Prince of Dol Amroth,Dol Amroth,House of Dol Amroth,M,TA,2274.0,TA,2348.0,TA,2400,126.0,52.0,74.0,Natural,father_son,True,True,,"The Peoples of Middle-earth (HoMe XII), 'The Heirs of Elendil: The Line of Dol Amroth'"
7th Prince of Dol Amroth,Dol Amroth,House of Dol Amroth,M,TA,2324.0,TA,2400.0,TA,2458,134.0,58.0,76.0,Natural,father_son,True,True,,"The Peoples of Middle-earth (HoMe XII), 'The Heirs of Elendil: The Line of Dol Amroth'"
8th Prince of Dol Amroth,Dol Amroth,House of Dol Amroth,M,TA,2373.0,TA,2458.0,TA,2498,125.0,40.0,85.0,Natural,father_son,True,True,,"The Peoples of Middle-earth (HoMe XII), 'The Heirs of Elendil: The Line of Dol Amroth'"
9th Prince of Dol Amroth,Dol Amroth,House of Dol Amroth,M,TA,2418.0,TA,2498.0,TA,2540,122.0,42.0,80.0,Natural,father_son,True,True,,"The Peoples of Middle-earth (HoMe XII), 'The Heirs of Elendil: The Line of Dol Amroth'"
10th Prince of Dol Amroth,Dol Amroth,House of Dol Amroth,M,TA,2463.0,TA,2540.0,TA,2582,119.0,42.0,77.0,Natural,father_son,True,True,,"The Peoples of Middle-earth (HoMe XII), 'The Heirs of Elendil: The Line of Dol Amroth'"
11th Prince of Dol Amroth,Dol Amroth,House of Dol Amroth,M,TA,2505.0,TA,2582.0,TA,2623,118.0,41.0,77.0,Natural,father_son,True,True,,"The Peoples of Middle-earth (HoMe XII), 'The Heirs of Elendil: The Line of Dol Amroth'"
12th Prince of Dol Amroth,Dol Amroth,House of Dol Amroth,M,TA,2546.0,TA,2623.0,TA,2660,114.0,37.0,77.0,Natural,father_son,True,True,,"The Peoples of Middle-earth (HoMe XII), 'The Heirs of Elendil: The Line of Dol Amroth'"
13th Prince of Dol Amroth,Dol Amroth,House of Dol Amroth,M,TA,2588.0,TA,2660.0,TA,2701,113.0,41.0,72.0,Natural,father_son,True,True,,"The Peoples of Middle-earth (HoMe XII), 'The Heirs of Elendil: The Line of Dol Amroth'"
14th Prince of Dol Amroth,Dol Amroth,House of Dol Amroth,M,TA,2627.0,TA,2701.0,TA,2733,106.0,32.0,74.0,Natural,father_son,True,True,,"The Peoples of Middle-earth (HoMe XII), 'The Heirs of Elendil: The Line of Dol Amroth'"
15th Prince of Dol Amroth,Dol Amroth,House of Dol Amroth,M,TA,2671.0,TA,2733.0,TA,2746,75.0,13.0,62.0,Violent,father_son,True,True,Slain by the Corsairs of Umbar.,"The Peoples of Middle-earth (HoMe XII), 'The Heirs of Elendil: The Line of Dol Amroth'"
16th Prince of Dol Amroth,Dol Amroth,House of Dol Amroth,M,TA,2709.0,TA,2746.0,TA,2799,90.0,53.0,37.0,Violent,father_son,True,True,Slain in battle.,"The Peoples of Middle-earth (HoMe XII), 'The Heirs of Elendil: The Line of Dol Amroth'"
17th Prince of Dol Amroth,Dol Amroth,House of Dol Amroth,M,TA,2746.0,TA,2799.0,TA,2859,113.0,60.0,53.0,Natural,father_son,True,True,,"The Peoples of Middle-earth (HoMe XII), 'The Heirs of Elendil: The Line of Dol Amroth'"
18th Prince of Dol Amroth,Dol Amroth,House of Dol Amroth,M,TA,2785.0,TA,2859.0,TA,2899,114.0,40.0,74.0,Natural,father_son,True,True,,"The Peoples of Middle-earth (HoMe XII), 'The Heirs of Elendil: The Line of Dol Amroth'"
Aglahad,Dol Amroth,House of Dol Amroth,M,TA,2827.0,TA,2899.0,TA,2932,105.0,33.0,72.0,Natural,father_son,True,True,19th Prince.,"The Peoples of Middle-earth (HoMe XII), 'The Heirs of Elendil: The Line of Dol Amroth'"
Angelimir,Dol Amroth,House of Dol Amroth,M,TA,2866.0,TA,2932.0,TA,2977,111.0,45.0,66.0,Natural,father_son,True,True,20th Prince.,"The Peoples of Middle-earth (HoMe XII), 'The Heirs of Elendil: The Line of Dol Amroth'"
Adrahil II,Dol Amroth,House of Dol Amroth,M,TA,2917.0,TA,2977.0,TA,3010,93.0,33.0,60.0,Natural,father_son,True,True,21st Prince; fought for Gondor as Denethor II's father-in-law's generation.,"The Peoples of Middle-earth (HoMe XII), 'The Heirs of Elendil: The Line of Dol Amroth'"
Imrahil,Dol Amroth,House of Dol Amroth,M,TA,2955.0,TA,3010.0,FO,33,99.0,44.0,55.0,Natural,father_son,True,True,"22nd Prince; fought in the War of the Ring, aided the defense of Minas Tirith and the assault on the Black Gate. Legolas remarked on his Elven blood. His daughter Lothiriel married King Eomer of Rohan. Death year cross-checked: independent sources give 'Fourth Age 33' (from T.A. 3054) or 'Fourth Age 34' -- the former is used here as it is consistent with the Fourth Age calibration also used for Aragorn and Eomer elsewhere in this dataset.","The Peoples of Middle-earth (HoMe XII), 'The Heirs of Elendil: The Line of Dol Amroth'"
Elphir,Dol Amroth,House of Dol Amroth,M,TA,2994.0,FO,33.0,FO,65,92.0,32.0,60.0,Natural,father_son,True,True,23rd Prince; eldest son of Imrahil.,"The Peoples of Middle-earth (HoMe XII), 'The Heirs of Elendil: The Line of Dol Amroth'"
Galador,Dol Amroth,House of Dol Amroth,M,TA,2004.0,,,TA,2129,125.0,,,Natural,founding,True,True,"First Prince; legendary son of Imrazor the Numenorean and Mithrellas, an Elf of Nimrodel's people -- giving the house its claimed Elven strain.","The Peoples of Middle-earth (HoMe XII), 'The Heirs of Elendil: The Line of Dol Amroth'"
Eorl the Young,Rohan,First Line,M,TA,2485.0,TA,2510.0,TA,2545,60.0,35.0,25.0,Violent,founding,True,True,Founder of Rohan; killed in battle against Easterlings in the Wold.,"LOTR Appendix A, 'The House of Eorl'"
Brego,Rohan,First Line,M,,,TA,2545.0,TA,2570,,25.0,,Natural,father_son,True,True,Built Meduseld. Died of grief after his heir Baldor vanished in the Paths of the Dead.,"LOTR Appendix A, 'The House of Eorl'"
Aldor the Old,Rohan,First Line,M,TA,2544.0,TA,2570.0,TA,2645,101.0,75.0,26.0,Natural,brother,True,True,Longest-reigning King of Rohan (75 years); succeeded after his elder brother Baldor was lost.,"LOTR Appendix A, 'The House of Eorl'"
Frea,Rohan,First Line,M,TA,2570.0,TA,2645.0,TA,2659,89.0,14.0,75.0,Natural,father_son,True,True,Already 75 at accession.,"LOTR Appendix A, 'The House of Eorl'"
Freawine,Rohan,First Line,M,TA,2594.0,TA,2659.0,TA,2680,86.0,21.0,65.0,Natural,father_son,True,True,,"LOTR Appendix A, 'The House of Eorl'"
Goldwine,Rohan,First Line,M,TA,2619.0,TA,2680.0,TA,2699,80.0,19.0,61.0,Natural,father_son,True,True,,"LOTR Appendix A, 'The House of Eorl'"
Deor,Rohan,First Line,M,,,TA,2699.0,TA,2718,,19.0,,Unknown,father_son,True,True,Dunlendings occupied Isengard in his reign.,"LOTR Appendix A, 'The House of Eorl'"
Gram,Rohan,First Line,M,,,TA,2718.0,TA,2741,,23.0,,Unknown,father_son,True,True,,"LOTR Appendix A, 'The House of Eorl'"
Helm Hammerhand,Rohan,First Line,M,,,TA,2741.0,TA,2759,,18.0,,Accident,father_son,True,True,Both his sons killed by Dunlendings in the Long Winter siege of the Hornburg; Helm himself froze to death. Last king of the First Line.,"LOTR Appendix A, 'The House of Eorl'"
Frealaf Hildeson,Rohan,Second Line,M,,,TA,2759.0,TA,2798,,39.0,,Unknown,nephew,True,True,Helm's sister-son; first king of the Second Line. Gave Isengard to Saruman.,"LOTR Appendix A, 'The House of Eorl'"
Brytta Leofa,Rohan,Second Line,M,,,TA,2798.0,TA,2842,,44.0,,Natural,father_son,True,True,,"LOTR Appendix A, 'The House of Eorl'"
Walda,Rohan,Second Line,M,,,TA,2842.0,TA,2851,,9.0,,Violent,father_son,True,True,Killed by orcs near Dunharrow.,"LOTR Appendix A, 'The House of Eorl'"
Folca the Hunter,Rohan,Second Line,M,,,TA,2851.0,TA,2864,,13.0,,Accident,father_son,True,True,Died of a wound from the great boar of Everholt after clearing Rohan of its last orcs.,"LOTR Appendix A, 'The House of Eorl'"
Folcwine,Rohan,Second Line,M,,,TA,2864.0,TA,2903,,39.0,,Natural,father_son,True,True,His twin sons Folcred and Fastred died fighting for Gondor.,"LOTR Appendix A, 'The House of Eorl'"
Fengel,Rohan,Second Line,M,,,TA,2903.0,TA,2953,,50.0,,Unknown,father_son,True,True,Unpopular; his son Thengel left for Gondor rather than stay.,"LOTR Appendix A, 'The House of Eorl'"
Thengel,Rohan,Second Line,M,TA,2905.0,TA,2953.0,TA,2980,75.0,27.0,48.0,Natural,father_son,True,True,Lived in Gondor and married Morwen of Lossarnach before returning to rule.,"LOTR Appendix A, 'The House of Eorl'"
Theoden,Rohan,Second Line,M,TA,2948.0,TA,2980.0,TA,3019,71.0,39.0,32.0,Violent,father_son,True,True,Last king of the Second Line. Killed at the Battle of the Pelennor Fields; avenged by his niece Eowyn.,"LOTR Appendix A, 'The House of Eorl'"
Eomer Eadig,Rohan,Third Line,M,TA,2991.0,TA,3019.0,FO,63,93.0,65.0,28.0,Natural,nephew,True,True,Theoden's sister-son; first king of the Third Line.,"LOTR Appendix A, 'The House of Eorl'"
